title,url,count_in_TMDB
About-A-Boy,https://www.movie-locations.com/movies/a/About-A-Boy.php,8
About-Last-Night,https://www.movie-locations.com/movies/a/About-Last-Night.php,6
About-Schmidt,https://www.movie-locations.com/movies/a/About-Schmidt.php,1
About-Time,https://www.movie-locations.com/movies/a/About-Time.php,37
Abre-Los-Ojos,https://www.movie-locations.com/movies/a/Abre-Los-Ojos.php,2
Absolute-Beginners,https://www.movie-locations.com/movies/a/Absolute-Beginners.php,4
Ace-Ventura-Pet-Detective,https://www.movie-locations.com/movies/a/Ace-Ventura-Pet-Detective.php,2
Addams-Family,https://www.movie-locations.com/movies/a/Addams-Family.php,11
Addams-Family-Values,https://www.movie-locations.com/movies/a/Addams-Family-Values.php,1
Adventureland,https://www.movie-locations.com/movies/a/Adventureland.php,1
Adventures-Of-Baron-Munchausen,https://www.movie-locations.com/movies/a/Adventures-Of-Baron-Munchausen.php,5
Adventures-Of-Quentin-Durward,https://www.movie-locations.com/movies/a/Adventures-Of-Quentin-Durward.php,1
Aeon-Flux,https://www.movie-locations.com/movies/a/Aeon-Flux.php,1
African-Queen,https://www.movie-locations.com/movies/a/African-Queen.php,5
After-Hours,https://www.movie-locations.com/movies/a/After-Hours.php,40
Against-All-Odds,https://www.movie-locations.com/movies/a/Against-All-Odds.php,39
Agatha,https://www.movie-locations.com/movies/a/Agatha.php,72
Age-D-Or,https://www.movie-locations.com/movies/a/Age-D-Or.php,42
Age-Of-Innocence,https://www.movie-locations.com/movies/a/Age-Of-Innocence.php,10
Agony-And-The-Ecstasy,https://www.movie-locations.com/movies/a/Agony-And-The-Ecstasy.php,3
Air-Force-One,https://www.movie-locations.com/movies/a/Air-Force-One.php,17
Alfie,https://www.movie-locations.com/movies/a/Alfie.php,30
Alice-Doesnt-Live-Here-Anymore,https://www.movie-locations.com/movies/a/Alice-Doesnt-Live-Here-Anymore.php,3
Alice-In-Den-Stadten,https://www.movie-locations.com/movies/a/Alice-In-Den-Stadten.php,1
Alice-In-Wonderland,https://www.movie-locations.com/movies/a/Alice-In-Wonderland.php,66
Alien-Covenant,https://www.movie-locations.com/movies/a/Alien-Covenant.php,11
All-About-Eve,https://www.movie-locations.com/movies/a/All-About-Eve.php,10
All-Or-Nothing,https://www.movie-locations.com/movies/a/All-Or-Nothing.php,48
All-The-Presidents-Men,https://www.movie-locations.com/movies/a/All-The-Presidents-Men.php,4
Almost-Famous,https://www.movie-locations.com/movies/a/Almost-Famous.php,12
Altered-States,https://www.movie-locations.com/movies/a/Altered-States.php,7
Amadeus,https://www.movie-locations.com/movies/a/Amadeus.php,35
Amants-Du-Pont-Neuf,https://www.movie-locations.com/movies/a/Amants-Du-Pont-Neuf.php,1
Amarcord,https://www.movie-locations.com/movies/a/Amarcord.php,4
Amateur,https://www.movie-locations.com/movies/a/Amateur.php,135
Amazing-Spider-Man,https://www.movie-locations.com/movies/a/Amazing-Spider-Man.php,11
Amazing-Spider-Man-2,https://www.movie-locations.com/movies/a/Amazing-Spider-Man-2.php,5
Amelie,https://www.movie-locations.com/movies/a/Amelie.php,22
American-Beauty,https://www.movie-locations.com/movies/a/American-Beauty.php,15
American-Gangster,https://www.movie-locations.com/movies/a/American-Gangster.php,4
American-Gigolo,https://www.movie-locations.com/movies/a/American-Gigolo.php,2
American-History-X,https://www.movie-locations.com/movies/a/American-History-X.php,1
American-Hustle,https://www.movie-locations.com/movies/a/American-Hustle.php,4
American-Pie,https://www.movie-locations.com/movies/a/American-Pie.php,30
American-Pie-2,https://www.movie-locations.com/movies/a/American-Pie-2.php,3
American-Pie-3,https://www.movie-locations.com/movies/a/American-Pie-3.php,2
American-Psycho,https://www.movie-locations.com/movies/a/American-Psycho.php,10
American-Werewolf-In-London,https://www.movie-locations.com/movies/a/American-Werewolf-In-London.php,5
Amistad,https://www.movie-locations.com/movies/a/Amistad.php,64
Anastasia,https://www.movie-locations.com/movies/a/Anastasia.php,35
Anderson-Tapes,https://www.movie-locations.com/movies/a/Anderson-Tapes.php,1
Angels-And-Demons,https://www.movie-locations.com/movies/a/Angels-And-Demons.php,15
../n/National-Lampoons-Animal-House,https://www.movie-locations.com/movies/n/National-Lampoons-Animal-House.php,0
Anna-And-The-King,https://www.movie-locations.com/movies/a/Anna-And-The-King.php,4
Anne-Of-The-Thousand-Days,https://www.movie-locations.com/movies/a/Anne-Of-The-Thousand-Days.php,1
Annee-Derniere-A-Marienbad,https://www.movie-locations.com/movies/a/Annee-Derniere-A-Marienbad.php,1
Ant-Man,https://www.movie-locations.com/movies/a/Ant-Man.php,10
Ant-Man-And-The-Wasp,https://www.movie-locations.com/movies/a/Ant-Man-And-The-Wasp.php,3
Any-Given-Sunday,https://www.movie-locations.com/movies/a/Any-Given-Sunday.php,1
Aparajito,https://www.movie-locations.com/movies/a/Aparajito.php,2
Apollo-13,https://www.movie-locations.com/movies/a/Apollo-13.php,17
Arabian-Nights-1974,https://www.movie-locations.com/movies/a/Arabian-Nights-1974.php,0
Arachnophobia,https://www.movie-locations.com/movies/a/Arachnophobia.php,5
Armageddon,https://www.movie-locations.com/movies/a/Armageddon.php,93
Around-The-World-In-80-Days-1956,https://www.movie-locations.com/movies/a/Around-The-World-In-80-Days-1956.php,0
Arthur-1981,https://www.movie-locations.com/movies/a/Arthur-1981.php,0
Artist,https://www.movie-locations.com/movies/a/Artist.php,801
As-Good-As-It-Gets,https://www.movie-locations.com/movies/a/As-Good-As-It-Gets.php,3
Ascenseur-Pour-Echafaud,https://www.movie-locations.com/movies/a/Ascenseur-Pour-Echafaud.php,1
Asoka,https://www.movie-locations.com/movies/a/Asoka.php,3
Assault-On-Precinct-13-1976,https://www.movie-locations.com/movies/a/Assault-On-Precinct-13-1976.php,0
Atonement,https://www.movie-locations.com/movies/a/Atonement.php,25
Avalon,https://www.movie-locations.com/movies/a/Avalon.php,23
Avengers-1998,https://www.movie-locations.com/movies/a/Avengers-1998.php,1
Avengers-2012,https://www.movie-locations.com/movies/a/Avengers-2012.php,0
Avengers-Age-Of-Ultron,https://www.movie-locations.com/movies/a/Avengers-Age-Of-Ultron.php,1
Avengers-Infinity-War,https://www.movie-locations.com/movies/a/Avengers-Infinity-War.php,2
Avengers-Endgame,https://www.movie-locations.com/movies/a/Avengers-Endgame.php,1
Aviator,https://www.movie-locations.com/movies/a/Aviator.php,43
Awakenings,https://www.movie-locations.com/movies/a/Awakenings.php,131
Babettes-Feast,https://www.movie-locations.com/movies/b/Babettes-Feast.php,2
Baby-Doll,https://www.movie-locations.com/movies/b/Baby-Doll.php,40
Baby-Driver,https://www.movie-locations.com/movies/b/Baby-Driver.php,3
Back-To-The-Future,https://www.movie-locations.com/movies/b/Back-To-The-Future.php,19
Back-To-The-Future-2,https://www.movie-locations.com/movies/b/Back-To-The-Future-2.php,3
Back-To-The-Future-3,https://www.movie-locations.com/movies/b/Back-To-The-Future-3.php,1
Bad-Boys,https://www.movie-locations.com/movies/b/Bad-Boys.php,60
Bad-Influence,https://www.movie-locations.com/movies/b/Bad-Influence.php,8
Bad-Lieutenant-1992,https://www.movie-locations.com/movies/b/Bad-Lieutenant-1992.php,0
Neighbors,https://www.movie-locations.com/movies/n/Neighbors.php,235
Bad-Taste,https://www.movie-locations.com/movies/b/Bad-Taste.php,7
Bad-Timing,https://www.movie-locations.com/movies/b/Bad-Timing.php,8
Badlands,https://www.movie-locations.com/movies/b/Badlands.php,37
Bagdad-Cafe,https://www.movie-locations.com/movies/b/Bagdad-Cafe.php,2
Bande-A-Part,https://www.movie-locations.com/movies/b/Bande-A-Part.php,4
Banshees-Of-Inisherin,https://www.movie-locations.com/movies/b/Banshees-Of-Inisherin.php,2
Barabbas,https://www.movie-locations.com/movies/b/Barabbas.php,7
Barbie,https://www.movie-locations.com/movies/b/Barbie.php,208
Barefoot-In-The-Park,https://www.movie-locations.com/movies/b/Barefoot-In-The-Park.php,3
Barry-Lyndon,https://www.movie-locations.com/movies/b/Barry-Lyndon.php,4
Barton-Fink,https://www.movie-locations.com/movies/b/Barton-Fink.php,1
Basic-Instinct,https://www.movie-locations.com/movies/b/Basic-Instinct.php,6
Batman-1989,https://www.movie-locations.com/movies/b/Batman-1989.php,0
The-Batman-2022,https://www.movie-locations.com/movies/b/The-Batman-2022.php,1
Batman-And-Robin,https://www.movie-locations.com/movies/b/Batman-And-Robin.php,8
Batman-Begins,https://www.movie-locations.com/movies/b/Batman-Begins.php,3
Batman-Forever,https://www.movie-locations.com/movies/b/Batman-Forever.php,3
Batman-V-Superman,https://www.movie-locations.com/movies/b/Batman-V-Superman.php,2
Battleship-Potemkin,https://www.movie-locations.com/movies/b/Battleship-Potemkin.php,5
Beach,https://www.movie-locations.com/movies/b/Beach.php,759
Beat-The-Devil,https://www.movie-locations.com/movies/b/Beat-The-Devil.php,5
Belle-Et-La-Bete,https://www.movie-locations.com/movies/b/Belle-Et-La-Bete.php,20
Bedazzled-1967,https://www.movie-locations.com/movies/b/Bedazzled-1967.php,0
Bedroom-Window,https://www.movie-locations.com/movies/b/Bedroom-Window.php,3
Before-Sunrise,https://www.movie-locations.com/movies/b/Before-Sunrise.php,12
Before-Sunset,https://www.movie-locations.com/movies/b/Before-Sunset.php,8
Prima-Della-Rivoluzione,https://www.movie-locations.com/movies/b/../p/Prima-Della-Rivoluzione.php,1
Beguiled,https://www.movie-locations.com/movies/b/Beguiled.php,6
Belle-De-Jour,https://www.movie-locations.com/movies/b/Belle-De-Jour.php,2
Belles-Of-St-Trinians,https://www.movie-locations.com/movies/b/Belles-Of-St-Trinians.php,1
Belly-Of-An-Architect,https://www.movie-locations.com/movies/b/Belly-Of-An-Architect.php,2
Best-Exotic-Marigold-Hotel,https://www.movie-locations.com/movies/b/Best-Exotic-Marigold-Hotel.php,2
Betrayal,https://www.movie-locations.com/movies/b/Betrayal.php,177
Beverly-Hills-Cop,https://www.movie-locations.com/movies/b/Beverly-Hills-Cop.php,5
Beverly-Hills-Cop-2,https://www.movie-locations.com/movies/b/Beverly-Hills-Cop-2.php,1
Big,https://www.movie-locations.com/movies/b/Big.php,3791
Grand-Bleu,https://www.movie-locations.com/movies/g/Grand-Bleu.php,3
Big-Daddy,https://www.movie-locations.com/movies/b/Big-Daddy.php,12
Big-Easy,https://www.movie-locations.com/movies/b/Big-Easy.php,8
Big-Lebowski,https://www.movie-locations.com/movies/b/Big-Lebowski.php,3
Billy-Elliot,https://www.movie-locations.com/movies/b/Billy-Elliot.php,3
Billy-Liar,https://www.movie-locations.com/movies/b/Billy-Liar.php,1
Birdman,https://www.movie-locations.com/movies/b/Birdman.php,20
Birdman-Of-Alcatraz,https://www.movie-locations.com/movies/b/Birdman-Of-Alcatraz.php,2
Birds,https://www.movie-locations.com/movies/b/Birds.php,1046
Birds-Of-Prey,https://www.movie-locations.com/movies/b/Birds-Of-Prey.php,18
Black-Christmas,https://www.movie-locations.com/movies/b/Black-Christmas.php,13
Black-Narcissus,https://www.movie-locations.com/movies/b/Black-Narcissus.php,4
Black-Panther,https://www.movie-locations.com/movies/b/Black-Panther.php,47
Black-Rain,https://www.movie-locations.com/movies/b/Black-Rain.php,26
Black-Swan,https://www.movie-locations.com/movies/b/Black-Swan.php,12
Blackmail,https://www.movie-locations.com/movies/b/Blackmail.php,56
Blade,https://www.movie-locations.com/movies/b/Blade.php,275
Blade-Runner,https://www.movie-locations.com/movies/b/Blade-Runner.php,14
Blade-Runner-2049,https://www.movie-locations.com/movies/b/Blade-Runner-2049.php,3
Blazing-Saddles,https://www.movie-locations.com/movies/b/Blazing-Saddles.php,2
Blob-1988,https://www.movie-locations.com/movies/b/Blob-1988.php,0
Blowup,https://www.movie-locations.com/movies/b/Blowup.php,11
Blue-Jasmine,https://www.movie-locations.com/movies/b/Blue-Jasmine.php,1
Blue-Lamp,https://www.movie-locations.com/movies/b/Blue-Lamp.php,3
Blues-Brothers,https://www.movie-locations.com/movies/b/Blues-Brothers.php,10
Bodyguard,https://www.movie-locations.com/movies/b/Bodyguard.php,136
Bohemian-Rhapsody,https://www.movie-locations.com/movies/b/Bohemian-Rhapsody.php,6
Boiler-Room,https://www.movie-locations.com/movies/b/Boiler-Room.php,9
Bonfire-Of-The-Vanities,https://www.movie-locations.com/movies/b/Bonfire-Of-The-Vanities.php,1
Bonnie-And-Clyde,https://www.movie-locations.com/movies/b/Bonnie-And-Clyde.php,10
Boogie-Nights,https://www.movie-locations.com/movies/b/Boogie-Nights.php,3
Boom,https://www.movie-locations.com/movies/b/Boom.php,277
Boondock-Saints,https://www.movie-locations.com/movies/b/Boondock-Saints.php,3
Das-Boot,https://www.movie-locations.com/movies/b/Das-Boot.php,25
Boudu-Sauve-Des-Eaux,https://www.movie-locations.com/movies/b/Boudu-Sauve-Des-Eaux.php,2
Bound,https://www.movie-locations.com/movies/b/Bound.php,355
Bounty,https://www.movie-locations.com/movies/b/Bounty.php,99
Bourne-Identity,https://www.movie-locations.com/movies/b/Bourne-Identity.php,4
Bourne-Supremacy,https://www.movie-locations.com/movies/b/Bourne-Supremacy.php,1
Bourne-Ultimatum,https://www.movie-locations.com/movies/b/Bourne-Ultimatum.php,1
Bowfinger,https://www.movie-locations.com/movies/b/Bowfinger.php,1
Boyhood,https://www.movie-locations.com/movies/b/Boyhood.php,14
Boys-Dont-Cry,https://www.movie-locations.com/movies/b/Boys-Dont-Cry.php,11
Boyz-N-The-Hood,https://www.movie-locations.com/movies/b/Boyz-N-The-Hood.php,2
Brannigan,https://www.movie-locations.com/movies/b/Brannigan.php,3
Brassed-Off,https://www.movie-locations.com/movies/b/Brassed-Off.php,2
Braveheart,https://www.movie-locations.com/movies/b/Braveheart.php,8
Brazil-1985,https://www.movie-locations.com/movies/b/Brazil-1985.php,0
Breakfast-At-Tiffanys,https://www.movie-locations.com/movies/b/Breakfast-At-Tiffanys.php,3
Breaking-Away,https://www.movie-locations.com/movies/b/Breaking-Away.php,8
A-Bout-De-Souffle,https://www.movie-locations.com/movies/b/../a/A-Bout-De-Souffle.php,7
Breathless,https://www.movie-locations.com/movies/b/Breathless.php,28
Bride-1985,https://www.movie-locations.com/movies/b/Bride-1985.php,1
Brideshead-Revisited,https://www.movie-locations.com/movies/b/Brideshead-Revisited.php,1
Bridesmaids,https://www.movie-locations.com/movies/b/Bridesmaids.php,12
Bridge-On-The-River-Kwai,https://www.movie-locations.com/movies/b/Bridge-On-The-River-Kwai.php,5
Bridges-Of-Madison-County,https://www.movie-locations.com/movies/b/Bridges-Of-Madison-County.php,2
Bridget-Jones-Diary,https://www.movie-locations.com/movies/b/Bridget-Jones-Diary.php,2
Brief-Encounter,https://www.movie-locations.com/movies/b/Brief-Encounter.php,14
Brighton-Rock-1947,https://www.movie-locations.com/movies/b/Brighton-Rock-1947.php,0
Brighton-Rock-2010,https://www.movie-locations.com/movies/b/Brighton-Rock-2010.php,0
Brinks-Job,https://www.movie-locations.com/movies/b/Brinks-Job.php,1
Brokeback-Mountain,https://www.movie-locations.com/movies/b/Brokeback-Mountain.php,5
Bruce-Almighty,https://www.movie-locations.com/movies/b/Bruce-Almighty.php,2
Buffy-The-Vampire-Slayer,https://www.movie-locations.com/movies/b/Buffy-The-Vampire-Slayer.php,1
Bugsy,https://www.movie-locations.com/movies/b/Bugsy.php,6
Bullitt,https://www.movie-locations.com/movies/b/Bullitt.php,7
Bunny-Lake-Is-Missing,https://www.movie-locations.com/movies/b/Bunny-Lake-Is-Missing.php,1
Buona-Sera-Mrs-Campbell,https://www.movie-locations.com/movies/b/Buona-Sera-Mrs-Campbell.php,1
Butch-Cassidy-And-The-Sundance-Kid,https://www.movie-locations.com/movies/b/Butch-Cassidy-And-The-Sundance-Kid.php,7
Caged-Heat,https://www.movie-locations.com/movies/c/Caged-Heat.php,5
Call-Me-By-Your-Name,https://www.movie-locations.com/movies/c/Call-Me-By-Your-Name.php,1
Camelot,https://www.movie-locations.com/movies/c/Camelot.php,25
Canterbury-Tale,https://www.movie-locations.com/movies/c/Canterbury-Tale.php,8
Canterbury-Tales-1972,https://www.movie-locations.com/movies/c/Canterbury-Tales-1972.php,0
Captain-America-Civil-War,https://www.movie-locations.com/movies/c/Captain-America-Civil-War.php,2
Captain-America,https://www.movie-locations.com/movies/c/Captain-America.php,21
Captain-America-Winter-Soldier,https://www.movie-locations.com/movies/c/Captain-America-Winter-Soldier.php,1
Captain-Corellis-Mandolin,https://www.movie-locations.com/movies/c/Captain-Corellis-Mandolin.php,1
Captain-Marvel,https://www.movie-locations.com/movies/c/Captain-Marvel.php,8
Captains-Courageous,https://www.movie-locations.com/movies/c/Captains-Courageous.php,3
Career-Girls,https://www.movie-locations.com/movies/c/Career-Girls.php,4
Carlitos-Way,https://www.movie-locations.com/movies/c/Carlitos-Way.php,3
Carnal-Knowledge,https://www.movie-locations.com/movies/c/Carnal-Knowledge.php,2
Carnival-Of-Souls,https://www.movie-locations.com/movies/c/Carnival-Of-Souls.php,4
Carol-2015,https://www.movie-locations.com/movies/c/Carol-2015.php,0
Carousel-1956,https://www.movie-locations.com/movies/c/Carousel-1956.php,0
Carrie,https://www.movie-locations.com/movies/c/Carrie.php,251
Carry-On-At-Your-Convenience,https://www.movie-locations.com/movies/c/Carry-On-At-Your-Convenience.php,1
Carry-On-Camping,https://www.movie-locations.com/movies/c/Carry-On-Camping.php,2
Carry-On-Constable,https://www.movie-locations.com/movies/c/Carry-On-Constable.php,1
Carry-On-Dont-Lose-Your-Head,https://www.movie-locations.com/movies/c/Carry-On-Dont-Lose-Your-Head.php,1
Carry-On-Girls,https://www.movie-locations.com/movies/c/Carry-On-Girls.php,1
Carry-On-Sergeant,https://www.movie-locations.com/movies/c/Carry-On-Sergeant.php,2
Carry-On-Teacher,https://www.movie-locations.com/movies/c/Carry-On-Teacher.php,1
Casablanca,https://www.movie-locations.com/movies/c/Casablanca.php,53
Casino-1995,https://www.movie-locations.com/movies/c/Casino-1995.php,1
Casino-Royale-2006,https://www.movie-locations.com/movies/c/Casino-Royale-2006.php,2
Cast-Away-2000,https://www.movie-locations.com/movies/c/Cast-Away-2000.php,0
Castle-Of-The-Living-Dead,https://www.movie-locations.com/movies/c/Castle-Of-The-Living-Dead.php,2
Catch-Me-If-You-Can,https://www.movie-locations.com/movies/c/Catch-Me-If-You-Can.php,4
Catch-Us-If-You-Can,https://www.movie-locations.com/movies/c/Catch-Us-If-You-Can.php,1
Cecil-B-Demented,https://www.movie-locations.com/movies/c/Cecil-B-Demented.php,1
Celebrity,https://www.movie-locations.com/movies/c/Celebrity.php,180
Changeling,https://www.movie-locations.com/movies/c/Changeling.php,18
Chaplin,https://www.movie-locations.com/movies/c/Chaplin.php,147
Charade,https://www.movie-locations.com/movies/c/Charade.php,18
Chariots-Of-Fire,https://www.movie-locations.com/movies/c/Chariots-Of-Fire.php,1
Charley-Varrick,https://www.movie-locations.com/movies/c/Charley-Varrick.php,2
Charlies-Angels,https://www.movie-locations.com/movies/c/Charlies-Angels.php,5
Charlies-Angels-Full-Throttle,https://www.movie-locations.com/movies/c/Charlies-Angels-Full-Throttle.php,1
Charly,https://www.movie-locations.com/movies/c/Charly.php,99
Charme-Discret-De-La-Bourgeoisie,https://www.movie-locations.com/movies/c/Charme-Discret-De-La-Bourgeoisie.php,2
Chicago,https://www.movie-locations.com/movies/c/Chicago.php,488
Children-Of-Men,https://www.movie-locations.com/movies/c/Children-Of-Men.php,8
Children-Of-The-Damned,https://www.movie-locations.com/movies/c/Children-Of-The-Damned.php,2
Childs-Play,https://www.movie-locations.com/movies/c/Childs-Play.php,29
Chimes-At-Midnight,https://www.movie-locations.com/movies/c/Chimes-At-Midnight.php,3
China-Syndrome,https://www.movie-locations.com/movies/c/China-Syndrome.php,3
Chinatown,https://www.movie-locations.com/movies/c/Chinatown.php,100
Chitty-Chitty-Bang-Bang,https://www.movie-locations.com/movies/c/Chitty-Chitty-Bang-Bang.php,1
Chocolat,https://www.movie-locations.com/movies/c/Chocolat.php,287
Christmas-Story,https://www.movie-locations.com/movies/c/Christmas-Story.php,95
Chronicles-Of-Narnia-Lion-Witch-Wardrobe,https://www.movie-locations.com/movies/c/Chronicles-Of-Narnia-Lion-Witch-Wardrobe.php,3
Chronicles-Of-Narnia-Prince-Caspian,https://www.movie-locations.com/movies/c/Chronicles-Of-Narnia-Prince-Caspian.php,4
Cincinnati-Kid,https://www.movie-locations.com/movies/c/Cincinnati-Kid.php,2
Cinderella,https://www.movie-locations.com/movies/c/Cinderella.php,268
Cinema-Paradiso,https://www.movie-locations.com/movies/c/Cinema-Paradiso.php,2
Citizen-Kane,https://www.movie-locations.com/movies/c/Citizen-Kane.php,5
Genou-De-Claire,https://www.movie-locations.com/movies/g/Genou-De-Claire.php,1
Class,https://www.movie-locations.com/movies/c/Class.php,1614
Clerks,https://www.movie-locations.com/movies/c/Clerks.php,29
Client,https://www.movie-locations.com/movies/c/Client.php,38
Clockwork-Orange,https://www.movie-locations.com/movies/c/Clockwork-Orange.php,11
Close-Encounters-Of-The-Third-Kind,https://www.movie-locations.com/movies/c/Close-Encounters-Of-The-Third-Kind.php,3
Closer,https://www.movie-locations.com/movies/c/Closer.php,101
Cloverfield,https://www.movie-locations.com/movies/c/Cloverfield.php,5
Clueless,https://www.movie-locations.com/movies/c/Clueless.php,9
Cocktail,https://www.movie-locations.com/movies/c/Cocktail.php,82
Collateral,https://www.movie-locations.com/movies/c/Collateral.php,19
Collector,https://www.movie-locations.com/movies/c/Collector.php,189
Color-Of-Money,https://www.movie-locations.com/movies/c/Color-Of-Money.php,2
Coming-To-America,https://www.movie-locations.com/movies/c/Coming-To-America.php,7
Conqueror,https://www.movie-locations.com/movies/c/Conqueror.php,78
../w/Witchfinder-General,https://www.movie-locations.com/movies/c/../w/Witchfinder-General.php,0
Constantine-2005,https://www.movie-locations.com/movies/c/Constantine-2005.php,0
Mepris,https://www.movie-locations.com/movies/c/../m/Mepris.php,14
Conversation-1974,https://www.movie-locations.com/movies/c/Conversation-1974.php,0
Cowboys-And-Aliens,https://www.movie-locations.com/movies/c/Cowboys-And-Aliens.php,1
Crank,https://www.movie-locations.com/movies/c/Crank.php,17
Crash-2004,https://www.movie-locations.com/movies/c/Crash-2004.php,0
Crazy-Stupid-Love,https://www.movie-locations.com/movies/c/Crazy-Stupid-Love.php,3
Cries-And-Whispers,https://www.movie-locations.com/movies/c/../v/Cries-And-Whispers.php,2
Crimes-Of-The-Heart,https://www.movie-locations.com/movies/c/Crimes-Of-The-Heart.php,2
Crocodile-Dundee,https://www.movie-locations.com/movies/c/Crocodile-Dundee.php,5
Cromwell,https://www.movie-locations.com/movies/c/Cromwell.php,13
Crouching-Tiger-Hidden-Dragon,https://www.movie-locations.com/movies/c/Crouching-Tiger-Hidden-Dragon.php,5
Cruel-Intentions,https://www.movie-locations.com/movies/c/Cruel-Intentions.php,4
Cruella,https://www.movie-locations.com/movies/c/Cruella.php,6
Crying-Game,https://www.movie-locations.com/movies/c/Crying-Game.php,4
Cul-De-Sac,https://www.movie-locations.com/movies/c/Cul-De-Sac.php,19
Daddy-Day-Care,https://www.movie-locations.com/movies/d/Daddy-Day-Care.php,2
Dahong-Denglong-Gao-Gao-Gua,https://www.movie-locations.com/movies/d/Dahong-Denglong-Gao-Gao-Gua.php,0
Damage,https://www.movie-locations.com/movies/d/Damage.php,99
Damned-1963,https://www.movie-locations.com/movies/d/Damned-1963.php,0
Dances-With-Wolves,https://www.movie-locations.com/movies/d/Dances-With-Wolves.php,5
Dangerous-Liaisons,https://www.movie-locations.com/movies/d/Dangerous-Liaisons.php,13
Danish-Girl,https://www.movie-locations.com/movies/d/Danish-Girl.php,4
Daredevil,https://www.movie-locations.com/movies/d/Daredevil.php,59
Dark-Knight,https://www.movie-locations.com/movies/d/Dark-Knight.php,27
Dark-Knight-Rises,https://www.movie-locations.com/movies/d/Dark-Knight-Rises.php,4
Dark-Passage,https://www.movie-locations.com/movies/d/Dark-Passage.php,4
Darkman-1990,https://www.movie-locations.com/movies/d/Darkman-1990.php,0
Dawn-Of-The-Dead-1978,https://www.movie-locations.com/movies/d/Dawn-Of-The-Dead-1978.php,0
Day-The-Earth-Caught-Fire,https://www.movie-locations.com/movies/d/Day-The-Earth-Caught-Fire.php,1
Day-The-Earth-Stood-Still-1951,https://www.movie-locations.com/movies/d/Day-The-Earth-Stood-Still-1951.php,0
Dead-Again,https://www.movie-locations.com/movies/d/Dead-Again.php,16
Dead-Poets-Society,https://www.movie-locations.com/movies/d/Dead-Poets-Society.php,2
Dead-Ringers,https://www.movie-locations.com/movies/d/Dead-Ringers.php,2
Dear-John,https://www.movie-locations.com/movies/d/Dear-John.php,10
Death-At-A-Funeral-2010,https://www.movie-locations.com/movies/d/Death-At-A-Funeral-2010.php,0
Death-Becomes-Her,https://www.movie-locations.com/movies/d/Death-Becomes-Her.php,2
Death-In-Venice,https://www.movie-locations.com/movies/d/Death-In-Venice.php,13
Death-Line,https://www.movie-locations.com/movies/d/Death-Line.php,8
Death-On-The-Nile,https://www.movie-locations.com/movies/d/Death-On-The-Nile.php,4
Death-Proof,https://www.movie-locations.com/movies/d/Death-Proof.php,3
Death-Race-2000-1975,https://www.movie-locations.com/movies/d/Death-Race-2000-1975.php,0
Deer-Hunter,https://www.movie-locations.com/movies/d/Deer-Hunter.php,6
Deliverance,https://www.movie-locations.com/movies/d/Deliverance.php,92
Demolition-Man,https://www.movie-locations.com/movies/d/Demolition-Man.php,4
Departed,https://www.movie-locations.com/movies/d/Departed.php,126
Desperately-Seeking-Susan,https://www.movie-locations.com/movies/d/Desperately-Seeking-Susan.php,1
Devil-In-A-Blue-Dress,https://www.movie-locations.com/movies/d/Devil-In-A-Blue-Dress.php,1
Devil-Rides-Out,https://www.movie-locations.com/movies/d/Devil-Rides-Out.php,3
Devil-Wears-Prada,https://www.movie-locations.com/movies/d/Devil-Wears-Prada.php,5
Devils,https://www.movie-locations.com/movies/d/Devils.php,1261
Devils-Advocate,https://www.movie-locations.com/movies/d/Devils-Advocate.php,7
Devils-Rejects,https://www.movie-locations.com/movies/d/Devils-Rejects.php,2
Diamonds-Are-Forever,https://www.movie-locations.com/movies/d/Diamonds-Are-Forever.php,11
Motorcycle-Diaries,https://www.movie-locations.com/movies/d/../m/Motorcycle-Diaries.php,1
Dictator-2012,https://www.movie-locations.com/movies/d/Dictator-2012.php,0
Die-Another-Day,https://www.movie-locations.com/movies/d/Die-Another-Day.php,3
Die-Hard,https://www.movie-locations.com/movies/d/Die-Hard.php,111
Die-Hard-With-A-Vengeance,https://www.movie-locations.com/movies/d/Die-Hard-With-A-Vengeance.php,1
Dilwale-Dulhania-Le-Jayenge,https://www.movie-locations.com/movies/d/Dilwale-Dulhania-Le-Jayenge.php,1
Diner,https://www.movie-locations.com/movies/d/Diner.php,207
Dirty-Dancing,https://www.movie-locations.com/movies/d/Dirty-Dancing.php,14
Dirty-Harry,https://www.movie-locations.com/movies/d/Dirty-Harry.php,16
Dirty-Pretty-Things,https://www.movie-locations.com/movies/d/Dirty-Pretty-Things.php,1
Dirty-Rotten-Scoundrels,https://www.movie-locations.com/movies/d/Dirty-Rotten-Scoundrels.php,1
Charme-Discret-De-La-Bourgeoisie,https://www.movie-locations.com/movies/d/../c/Charme-Discret-De-La-Bourgeoisie.php,2
Diva,https://www.movie-locations.com/movies/d/Diva.php,371
Divergent,https://www.movie-locations.com/movies/d/Divergent.php,11
Insurgent,https://www.movie-locations.com/movies/d/../i/Insurgent.php,17
Django-Unchained,https://www.movie-locations.com/movies/d/Django-Unchained.php,3
Do-The-Right-Thing,https://www.movie-locations.com/movies/d/Do-The-Right-Thing.php,6
Doctor-Dolittle-1967,https://www.movie-locations.com/movies/d/Doctor-Dolittle-1967.php,0
Doctor-Dolittle-1998,https://www.movie-locations.com/movies/d/Doctor-Dolittle-1998.php,0
Dr-No,https://www.movie-locations.com/movies/d/Dr-No.php,230
Doctor-Strange,https://www.movie-locations.com/movies/d/Doctor-Strange.php,18
Doctor-Zhivago,https://www.movie-locations.com/movies/d/Doctor-Zhivago.php,10
Dog-Day-Afternoon,https://www.movie-locations.com/movies/d/Dog-Day-Afternoon.php,4
Dogma,https://www.movie-locations.com/movies/d/Dogma.php,50
Donnie-Brasco,https://www.movie-locations.com/movies/d/Donnie-Brasco.php,1
Donnie-Darko,https://www.movie-locations.com/movies/d/Donnie-Darko.php,5
Dont-Look-Now,https://www.movie-locations.com/movies/d/Dont-Look-Now.php,9
Doors,https://www.movie-locations.com/movies/d/Doors.php,537
Double-Indemnity,https://www.movie-locations.com/movies/d/Double-Indemnity.php,3
Down-And-Out-In-Beverly-Hills,https://www.movie-locations.com/movies/d/Down-And-Out-In-Beverly-Hills.php,1
Downton-Abbey,https://www.movie-locations.com/movies/d/Downton-Abbey.php,6
Dracula-1979,https://www.movie-locations.com/movies/d/Dracula-1979.php,0
Dracula-AD-1972,https://www.movie-locations.com/movies/d/Dracula-AD-1972.php,1
Drag-Me-To-Hell,https://www.movie-locations.com/movies/d/Drag-Me-To-Hell.php,3
Dragonheart,https://www.movie-locations.com/movies/d/Dragonheart.php,7
Draughtsmans-Contract,https://www.movie-locations.com/movies/d/Draughtsmans-Contract.php,1
Dream-Demon,https://www.movie-locations.com/movies/d/Dream-Demon.php,3
Dressed-To-Kill,https://www.movie-locations.com/movies/d/Dressed-To-Kill.php,10
Drive,https://www.movie-locations.com/movies/d/Drive.php,917
Driver,https://www.movie-locations.com/movies/d/Driver.php,302
Driving-Miss-Daisy,https://www.movie-locations.com/movies/d/Driving-Miss-Daisy.php,2
Duchess,https://www.movie-locations.com/movies/d/Duchess.php,69
Duel,https://www.movie-locations.com/movies/d/Duel.php,609
Duellists,https://www.movie-locations.com/movies/d/Duellists.php,2
Dumb-And-Dumber,https://www.movie-locations.com/movies/d/Dumb-And-Dumber.php,4
Eagle,https://www.movie-locations.com/movies/e/Eagle.php,444
Eagle-Has-Landed,https://www.movie-locations.com/movies/e/Eagle-Has-Landed.php,3
Earth-Girls-Are-Easy,https://www.movie-locations.com/movies/e/Earth-Girls-Are-Easy.php,1
Eastern-Promises,https://www.movie-locations.com/movies/e/Eastern-Promises.php,2
Easy-Rider,https://www.movie-locations.com/movies/e/Easy-Rider.php,9
Ed-Wood,https://www.movie-locations.com/movies/e/Ed-Wood.php,14
Edge-Of-Tomorrow,https://www.movie-locations.com/movies/e/Edge-Of-Tomorrow.php,2
Edipo-Re,https://www.movie-locations.com/movies/e/Edipo-Re.php,3
Education,https://www.movie-locations.com/movies/e/Education.php,210
Edward-Scissorhands,https://www.movie-locations.com/movies/e/Edward-Scissorhands.php,2
Eight-Men-Out,https://www.movie-locations.com/movies/e/Eight-Men-Out.php,1
8-Mile,https://www.movie-locations.com/movies/e/../0/8-Mile.php,6
Elephant-Man,https://www.movie-locations.com/movies/e/Elephant-Man.php,12
Ascenseur-Pour-Echafaud,https://www.movie-locations.com/movies/e/../a/Ascenseur-Pour-Echafaud.php,1
Elf-2003,https://www.movie-locations.com/movies/e/Elf-2003.php,0
Elizabeth-The-Golden-Age,https://www.movie-locations.com/movies/e/Elizabeth-The-Golden-Age.php,1
Emerald-Forest,https://www.movie-locations.com/movies/e/Emerald-Forest.php,2
Emma-1996,https://www.movie-locations.com/movies/e/Emma-1996.php,0
Emma-2020,https://www.movie-locations.com/movies/e/Emma-2020.php,1
Empire-Of-The-Sun,https://www.movie-locations.com/movies/e/Empire-Of-The-Sun.php,5
Star-Wars-5-The-Empire-Strikes-Back,https://www.movie-locations.com/movies/e/../s/Star-Wars-5-The-Empire-Strikes-Back.php,1
End-Of-The-Affair-1999,https://www.movie-locations.com/movies/e/End-Of-The-Affair-1999.php,0
Enemy-Of-The-State,https://www.movie-locations.com/movies/e/Enemy-Of-The-State.php,7
English-Patient,https://www.movie-locations.com/movies/e/English-Patient.php,1
Entertainer,https://www.movie-locations.com/movies/e/Entertainer.php,56
Entertaining-Mr-Sloane,https://www.movie-locations.com/movies/e/Entertaining-Mr-Sloane.php,1
Entrapment,https://www.movie-locations.com/movies/e/Entrapment.php,6
Equilibrium,https://www.movie-locations.com/movies/e/Equilibrium.php,14
Escape-From-Alcatraz,https://www.movie-locations.com/movies/e/Escape-From-Alcatraz.php,1
Escape-From-New-York,https://www.movie-locations.com/movies/e/Escape-From-New-York.php,4
Everything-Everywhere-All-At-Once,https://www.movie-locations.com/movies/e/Everything-Everywhere-All-At-Once.php,2
Ex-Machina,https://www.movie-locations.com/movies/e/Ex-Machina.php,22
Exorcist,https://www.movie-locations.com/movies/e/Exorcist.php,104
Eyes-Wide-Shut,https://www.movie-locations.com/movies/e/Eyes-Wide-Shut.php,5
Yeux-Sans-Visage,https://www.movie-locations.com/movies/e/../y/Yeux-Sans-Visage.php,1
Face-Off,https://www.movie-locations.com/movies/f/Face-Off.php,44
Fahrenheit-451,https://www.movie-locations.com/movies/f/Fahrenheit-451.php,3
Fallen-Idol,https://www.movie-locations.com/movies/f/Fallen-Idol.php,7
Falling-Down,https://www.movie-locations.com/movies/f/Falling-Down.php,16
Chimes-At-Midnight,https://www.movie-locations.com/movies/f/../c/Chimes-At-Midnight.php,3
Family-Plot,https://www.movie-locations.com/movies/f/Family-Plot.php,7
Fantastic-Beasts-And-Where-To-Find-Them,https://www.movie-locations.com/movies/f/Fantastic-Beasts-And-Where-To-Find-Them.php,1
Far-And-Away,https://www.movie-locations.com/movies/f/Far-And-Away.php,65
Far-From-The-Madding-Crowd-1967,https://www.movie-locations.com/movies/f/Far-From-The-Madding-Crowd-1967.php,0
Far-From-The-Madding-Crowd-2015,https://www.movie-locations.com/movies/f/Far-From-The-Madding-Crowd-2015.php,0
Fast-And-Furious,https://www.movie-locations.com/movies/f/Fast-And-Furious.php,28
Fast-And-Furious-6,https://www.movie-locations.com/movies/f/Fast-And-Furious-6.php,1
Fast-And-Furious-7,https://www.movie-locations.com/movies/f/Fast-And-Furious-7.php,1
Fast-And-The-Furious,https://www.movie-locations.com/movies/f/Fast-And-The-Furious.php,16
2-Fast-2-Furious,https://www.movie-locations.com/movies/f/../0/2-Fast-2-Furious.php,4
Fast-And-Furious-Hobbs-And-Shaw,https://www.movie-locations.com/movies/f/Fast-And-Furious-Hobbs-And-Shaw.php,1
Fast-And-The-Furious-Tokyo-Drift,https://www.movie-locations.com/movies/f/Fast-And-The-Furious-Tokyo-Drift.php,1
Fast-Times-At-Ridgemont-High,https://www.movie-locations.com/movies/f/Fast-Times-At-Ridgemont-High.php,3
Favourite-2018,https://www.movie-locations.com/movies/f/Favourite-2018.php,0
Fellini-Satyricon,https://www.movie-locations.com/movies/f/Fellini-Satyricon.php,1
Ferris-Buellers-Day-Off,https://www.movie-locations.com/movies/f/Ferris-Buellers-Day-Off.php,2
Fifty-Shades-Of-Grey,https://www.movie-locations.com/movies/f/Fifty-Shades-Of-Grey.php,4
Fight-Club,https://www.movie-locations.com/movies/f/Fight-Club.php,48
Final-Analysis,https://www.movie-locations.com/movies/f/Final-Analysis.php,1
Finding-Neverland,https://www.movie-locations.com/movies/f/Finding-Neverland.php,1
Arabian-Nights-1974,https://www.movie-locations.com/movies/f/../a/Arabian-Nights-1974.php,0
First-Blood,https://www.movie-locations.com/movies/f/First-Blood.php,24
First-Wives-Club,https://www.movie-locations.com/movies/f/First-Wives-Club.php,1
Fish-Called-Wanda,https://www.movie-locations.com/movies/f/Fish-Called-Wanda.php,1
Fisher-King,https://www.movie-locations.com/movies/f/Fisher-King.php,3
500-Days-Of-Summer,https://www.movie-locations.com/movies/f/../0/500-Days-Of-Summer.php,1
Flame-In-The-Streets,https://www.movie-locations.com/movies/f/Flame-In-The-Streets.php,1
Flashdance,https://www.movie-locations.com/movies/f/Flashdance.php,2
Flatliners,https://www.movie-locations.com/movies/f/Flatliners.php,4
Fletch,https://www.movie-locations.com/movies/f/Fletch.php,16
Fly-1986,https://www.movie-locations.com/movies/f/Fly-1986.php,0
Fog-1979,https://www.movie-locations.com/movies/f/Fog-1979.php,0
Footloose-1984,https://www.movie-locations.com/movies/f/Footloose-1984.php,1
For-Your-Eyes-Only,https://www.movie-locations.com/movies/f/For-Your-Eyes-Only.php,5
Foreign-Correspondent,https://www.movie-locations.com/movies/f/Foreign-Correspondent.php,4
Forgetting-Sarah-Marshall,https://www.movie-locations.com/movies/f/Forgetting-Sarah-Marshall.php,1
Forrest-Gump,https://www.movie-locations.com/movies/f/Forrest-Gump.php,2
40-Year-Old-Virgin,https://www.movie-locations.com/movies/f/../0/40-Year-Old-Virgin.php,2
Four-Weddings-And-A-Funeral,https://www.movie-locations.com/movies/f/Four-Weddings-And-A-Funeral.php,3
Foxcatcher,https://www.movie-locations.com/movies/f/Foxcatcher.php,2
French-Connection,https://www.movie-locations.com/movies/f/French-Connection.php,11
Frenzy,https://www.movie-locations.com/movies/f/Frenzy.php,52
Friday-The-13th-1980,https://www.movie-locations.com/movies/f/Friday-The-13th-1980.php,0
Friends-Of-Eddie-Coyle,https://www.movie-locations.com/movies/f/Friends-Of-Eddie-Coyle.php,1
Friends-With-Benefits,https://www.movie-locations.com/movies/f/Friends-With-Benefits.php,6
From-Hell,https://www.movie-locations.com/movies/f/From-Hell.php,253
Fugitive,https://www.movie-locations.com/movies/f/Fugitive.php,143
Full-Metal-Jacket,https://www.movie-locations.com/movies/f/Full-Metal-Jacket.php,3
Full-Monty,https://www.movie-locations.com/movies/f/Full-Monty.php,3
Funny-Face,https://www.movie-locations.com/movies/f/Funny-Face.php,11
Galaxy-Quest,https://www.movie-locations.com/movies/g/Galaxy-Quest.php,4
Game,https://www.movie-locations.com/movies/g/Game.php,2575
Gandhi,https://www.movie-locations.com/movies/g/Gandhi.php,60
Gangs-Of-New-York,https://www.movie-locations.com/movies/g/Gangs-Of-New-York.php,4
Gangster-No-1,https://www.movie-locations.com/movies/g/Gangster-No-1.php,6
Gangster-Squad,https://www.movie-locations.com/movies/g/Gangster-Squad.php,2
Leopard,https://www.movie-locations.com/movies/g/../l/Leopard.php,166
General-1926,https://www.movie-locations.com/movies/g/General-1926.php,0
Genou-De-Claire,https://www.movie-locations.com/movies/g/Genou-De-Claire.php,1
Gentlemen,https://www.movie-locations.com/movies/g/Gentlemen.php,136
Georgy-Girl,https://www.movie-locations.com/movies/g/Georgy-Girl.php,1
Get-Shorty,https://www.movie-locations.com/movies/g/Get-Shorty.php,2
Getaway-1972,https://www.movie-locations.com/movies/g/Getaway-1972.php,0
Ghost,https://www.movie-locations.com/movies/g/Ghost.php,2859
Ghost-Rider-Spirit-Of-Vengeance,https://www.movie-locations.com/movies/g/Ghost-Rider-Spirit-Of-Vengeance.php,2
Ghostbusters,https://www.movie-locations.com/movies/g/Ghostbusters.php,24
Ghostbusters-2,https://www.movie-locations.com/movies/g/Ghostbusters-2.php,5
Glory,https://www.movie-locations.com/movies/g/Glory.php,627
Go-Between,https://www.movie-locations.com/movies/g/Go-Between.php,14
Go-West-1940,https://www.movie-locations.com/movies/g/Go-West-1940.php,1
Godfather,https://www.movie-locations.com/movies/g/Godfather.php,118
Godfather-2,https://www.movie-locations.com/movies/g/Godfather-2.php,2
Godfather-3,https://www.movie-locations.com/movies/g/Godfather-3.php,4
Gods-And-Monsters,https://www.movie-locations.com/movies/g/Gods-And-Monsters.php,9
Gods-Own-Country,https://www.movie-locations.com/movies/g/Gods-Own-Country.php,2
Godzilla-2014,https://www.movie-locations.com/movies/g/Godzilla-2014.php,1
Gold-Rush,https://www.movie-locations.com/movies/g/Gold-Rush.php,37
Goldeneye,https://www.movie-locations.com/movies/g/Goldeneye.php,7
Goldfinger,https://www.movie-locations.com/movies/g/Goldfinger.php,11
Gone-Baby-Gone,https://www.movie-locations.com/movies/g/Gone-Baby-Gone.php,3
Gone-Girl,https://www.movie-locations.com/movies/g/Gone-Girl.php,32
Gone-To-Earth,https://www.movie-locations.com/movies/g/Gone-To-Earth.php,2
Gone-With-The-Wind,https://www.movie-locations.com/movies/g/Gone-With-The-Wind.php,15
Good-Bye-Lenin,https://www.movie-locations.com/movies/g/Good-Bye-Lenin.php,2
Good-Morning-Vietnam,https://www.movie-locations.com/movies/g/Good-Morning-Vietnam.php,3
Good-Will-Hunting,https://www.movie-locations.com/movies/g/Good-Will-Hunting.php,2
Goodbye-Mr-Chips-1939,https://www.movie-locations.com/movies/g/Goodbye-Mr-Chips-1939.php,0
Goodbye-Mr-Chips-1969,https://www.movie-locations.com/movies/g/Goodbye-Mr-Chips-1969.php,0
Goodfellas,https://www.movie-locations.com/movies/g/Goodfellas.php,4
Goonies,https://www.movie-locations.com/movies/g/Goonies.php,3
Gorillas-In-The-Mist,https://www.movie-locations.com/movies/g/Gorillas-In-The-Mist.php,1
Gosford-Park,https://www.movie-locations.com/movies/g/Gosford-Park.php,2
Gospel-According-To-Matthew,https://www.movie-locations.com/movies/g/Gospel-According-To-Matthew.php,5
Graduate,https://www.movie-locations.com/movies/g/Graduate.php,109
Gran-Torino,https://www.movie-locations.com/movies/g/Gran-Torino.php,2
Grand-Bleu,https://www.movie-locations.com/movies/g/Grand-Bleu.php,3
Grand-Budapest-Hotel,https://www.movie-locations.com/movies/g/Grand-Budapest-Hotel.php,1
Grande-Illusion,https://www.movie-locations.com/movies/g/Grande-Illusion.php,7
Grapes-Of-Wrath,https://www.movie-locations.com/movies/g/Grapes-Of-Wrath.php,7
Grass-Is-Greener,https://www.movie-locations.com/movies/g/Grass-Is-Greener.php,13
Grease,https://www.movie-locations.com/movies/g/Grease.php,41
Great-Dictator,https://www.movie-locations.com/movies/g/Great-Dictator.php,3
Great-Escape,https://www.movie-locations.com/movies/g/Great-Escape.php,60
Great-Expectations-1946,https://www.movie-locations.com/movies/g/Great-Expectations-1946.php,0
Great-Gatsby-1974,https://www.movie-locations.com/movies/g/Great-Gatsby-1974.php,0
Great-Race,https://www.movie-locations.com/movies/g/Great-Race.php,40
Greatest-Show-On-Earth,https://www.movie-locations.com/movies/g/Greatest-Show-On-Earth.php,10
Greatest-Showman,https://www.movie-locations.com/movies/g/Greatest-Showman.php,2
Greatest-Story-Ever-Told,https://www.movie-locations.com/movies/g/Greatest-Story-Ever-Told.php,4
Greed,https://www.movie-locations.com/movies/g/Greed.php,121
Green-Hornet,https://www.movie-locations.com/movies/g/Green-Hornet.php,11
Green-Mile,https://www.movie-locations.com/movies/g/Green-Mile.php,4
Green-Street,https://www.movie-locations.com/movies/g/Green-Street.php,9
Green-Zone,https://www.movie-locations.com/movies/g/Green-Zone.php,2
Gregorys-Girl,https://www.movie-locations.com/movies/g/Gregorys-Girl.php,2
Gremlins-2,https://www.movie-locations.com/movies/g/Gremlins-2.php,1
Greystoke,https://www.movie-locations.com/movies/g/Greystoke.php,2
Grifters,https://www.movie-locations.com/movies/g/Grifters.php,9
Grosse-Pointe-Blank,https://www.movie-locations.com/movies/g/Grosse-Pointe-Blank.php,1
Guardians-Of-The-Galaxy,https://www.movie-locations.com/movies/g/Guardians-Of-The-Galaxy.php,6
Guess-Whos-Coming-To-Dinner,https://www.movie-locations.com/movies/g/Guess-Whos-Coming-To-Dinner.php,5
Gunga-Din,https://www.movie-locations.com/movies/g/Gunga-Din.php,3
Haine,https://www.movie-locations.com/movies/h/Haine.php,97
Hairspray-1988,https://www.movie-locations.com/movies/h/Hairspray-1988.php,0
Hairspray-2007,https://www.movie-locations.com/movies/h/Hairspray-2007.php,0
Halloween-1978,https://www.movie-locations.com/movies/h/Halloween-1978.php,2
Halloween-2007,https://www.movie-locations.com/movies/h/Halloween-2007.php,1
Halloween-2-1981,https://www.movie-locations.com/movies/h/Halloween-2-1981.php,0
Halloween-4,https://www.movie-locations.com/movies/h/Halloween-4.php,12
Halloween-H20,https://www.movie-locations.com/movies/h/Halloween-H20.php,2
Hamlet-1996,https://www.movie-locations.com/movies/h/Hamlet-1996.php,0
Hangover,https://www.movie-locations.com/movies/h/Hangover.php,46
Hannah-And-Her-Sisters,https://www.movie-locations.com/movies/h/Hannah-And-Her-Sisters.php,1
Hard-Days-Night,https://www.movie-locations.com/movies/h/Hard-Days-Night.php,6
Harry-Potter-1,https://www.movie-locations.com/movies/h/Harry-Potter-1.php,3
Harry-Potter-3,https://www.movie-locations.com/movies/h/Harry-Potter-3.php,3
Harry-Potter-5,https://www.movie-locations.com/movies/h/Harry-Potter-5.php,2
Harry-Potter-6,https://www.movie-locations.com/movies/h/Harry-Potter-6.php,1
Harry-Potter-7,https://www.movie-locations.com/movies/h/Harry-Potter-7.php,1
Harry-Potter-8,https://www.movie-locations.com/movies/h/Harry-Potter-8.php,1
Haunting-1963,https://www.movie-locations.com/movies/h/Haunting-1963.php,0
Haunting-1999,https://www.movie-locations.com/movies/h/Haunting-1999.php,0
Heat,https://www.movie-locations.com/movies/h/Heat.php,514
Heavens-Gate,https://www.movie-locations.com/movies/h/Heavens-Gate.php,26
Hell-Is-For-Heroes,https://www.movie-locations.com/movies/h/Hell-Is-For-Heroes.php,5
Hellboy,https://www.movie-locations.com/movies/h/Hellboy.php,16
Hello-Dolly,https://www.movie-locations.com/movies/h/Hello-Dolly.php,6
Hellraiser,https://www.movie-locations.com/movies/h/Hellraiser.php,30
Help-1965,https://www.movie-locations.com/movies/h/Help-1965.php,0
High-Anxiety,https://www.movie-locations.com/movies/h/High-Anxiety.php,1
High-Fidelity,https://www.movie-locations.com/movies/h/High-Fidelity.php,4
High-Noon,https://www.movie-locations.com/movies/h/High-Noon.php,38
High-Plains-Drifter,https://www.movie-locations.com/movies/h/High-Plains-Drifter.php,1
Highlander,https://www.movie-locations.com/movies/h/Highlander.php,47
Wings-Of-Desire,https://www.movie-locations.com/movies/h/../w/Wings-Of-Desire.php,2
Hitch,https://www.movie-locations.com/movies/h/Hitch.php,230
Hitmans-Bodyguard,https://www.movie-locations.com/movies/h/Hitmans-Bodyguard.php,2
Fast-And-Furious-Hobbs-And-Shaw,https://www.movie-locations.com/movies/h/../f/Fast-And-Furious-Hobbs-And-Shaw.php,1
Home-Alone,https://www.movie-locations.com/movies/h/Home-Alone.php,48
Home-Alone-2,https://www.movie-locations.com/movies/h/Home-Alone-2.php,4
Yeux-Sans-Visage,https://www.movie-locations.com/movies/h/../y/Yeux-Sans-Visage.php,1
Horror-Hospital,https://www.movie-locations.com/movies/h/Horror-Hospital.php,4
Hostel-2005,https://www.movie-locations.com/movies/h/Hostel-2005.php,0
Hot-Fuzz,https://www.movie-locations.com/movies/h/Hot-Fuzz.php,2
House-1985,https://www.movie-locations.com/movies/h/House-1985.php,1
House-Of-1000-Corpses,https://www.movie-locations.com/movies/h/House-Of-1000-Corpses.php,4
House-On-Haunted-Hill-1958,https://www.movie-locations.com/movies/h/House-On-Haunted-Hill-1958.php,0
Howards-End,https://www.movie-locations.com/movies/h/Howards-End.php,1
Hudsucker-Proxy,https://www.movie-locations.com/movies/h/Hudsucker-Proxy.php,1
Hugo,https://www.movie-locations.com/movies/h/Hugo.php,105
Hulk,https://www.movie-locations.com/movies/h/Hulk.php,48
Hunger-Games,https://www.movie-locations.com/movies/h/Hunger-Games.php,16
Hunger-Games-Catching-Fire,https://www.movie-locations.com/movies/h/Hunger-Games-Catching-Fire.php,2
Hunger-Games-Mockingjay-Part-1,https://www.movie-locations.com/movies/h/Hunger-Games-Mockingjay-Part-1.php,2
Hunger-Games-Mockingjay-Part-2,https://www.movie-locations.com/movies/h/Hunger-Games-Mockingjay-Part-2.php,3
Husbands-1970,https://www.movie-locations.com/movies/h/Husbands-1970.php,0
Hush-Hush-Sweet-Charlotte,https://www.movie-locations.com/movies/h/Hush-Hush-Sweet-Charlotte.php,3
I-Am-Number-Four,https://www.movie-locations.com/movies/i/I-Am-Number-Four.php,1
I-Am-Sam,https://www.movie-locations.com/movies/i/I-Am-Sam.php,24
I-Confess,https://www.movie-locations.com/movies/i/I-Confess.php,23
I-Love-You-Man,https://www.movie-locations.com/movies/i/I-Love-You-Man.php,6
I-Love-You-To-Death,https://www.movie-locations.com/movies/i/I-Love-You-To-Death.php,5
I-Robot,https://www.movie-locations.com/movies/i/I-Robot.php,51
Ides-Of-March,https://www.movie-locations.com/movies/i/Ides-Of-March.php,3
Illusionist,https://www.movie-locations.com/movies/i/Illusionist.php,22
Imaginarium-Of-Dr-Parnassus,https://www.movie-locations.com/movies/i/Imaginarium-Of-Dr-Parnassus.php,1
Imitation-Game,https://www.movie-locations.com/movies/i/Imitation-Game.php,2
Inception,https://www.movie-locations.com/movies/i/Inception.php,7
Incredible-Hulk,https://www.movie-locations.com/movies/i/Incredible-Hulk.php,8
Independence-Day,https://www.movie-locations.com/movies/i/Independence-Day.php,33
Indiana-Jones-And-The-Kingdom-Of-The-Crystal-Skull,https://www.movie-locations.com/movies/i/Indiana-Jones-And-The-Kingdom-Of-The-Crystal-Skull.php,1
Indiana-Jones-And-The-Last-Crusade,https://www.movie-locations.com/movies/i/Indiana-Jones-And-The-Last-Crusade.php,2
Indiana-Jones-And-The-Temple-Of-Doom,https://www.movie-locations.com/movies/i/Indiana-Jones-And-The-Temple-Of-Doom.php,2
Inglourious-Basterds,https://www.movie-locations.com/movies/i/Inglourious-Basterds.php,1
Innocents,https://www.movie-locations.com/movies/i/Innocents.php,203
Inside-Llewyn-Davis,https://www.movie-locations.com/movies/i/Inside-Llewyn-Davis.php,3
Insidious,https://www.movie-locations.com/movies/i/Insidious.php,12
Insurgent,https://www.movie-locations.com/movies/i/Insurgent.php,17
Interstellar,https://www.movie-locations.com/movies/i/Interstellar.php,21
Interview-With-The-Vampire,https://www.movie-locations.com/movies/i/Interview-With-The-Vampire.php,3
Into-The-Wild,https://www.movie-locations.com/movies/i/Into-The-Wild.php,598
Into-The-Woods,https://www.movie-locations.com/movies/i/Into-The-Woods.php,252
Intolerance,https://www.movie-locations.com/movies/i/Intolerance.php,29
Invasion-Of-The-Body-Snatchers-1956,https://www.movie-locations.com/movies/i/Invasion-Of-The-Body-Snatchers-1956.php,0
Invasion-Of-The-Body-Snatchers-1978,https://www.movie-locations.com/movies/i/Invasion-Of-The-Body-Snatchers-1978.php,0
Ipcress-File,https://www.movie-locations.com/movies/i/Ipcress-File.php,1
Irishman-2019,https://www.movie-locations.com/movies/i/Irishman-2019.php,0
Iron-Man,https://www.movie-locations.com/movies/i/Iron-Man.php,74
Iron-Man-2,https://www.movie-locations.com/movies/i/Iron-Man-2.php,7
Iron-Man-3,https://www.movie-locations.com/movies/i/Iron-Man-3.php,1
It-2017,https://www.movie-locations.com/movies/i/It-2017.php,91
It-Chapter-Two,https://www.movie-locations.com/movies/i/It-Chapter-Two.php,7
It-Always-Rains-On-Sunday,https://www.movie-locations.com/movies/i/It-Always-Rains-On-Sunday.php,1
Italian-Job-1969,https://www.movie-locations.com/movies/i/Italian-Job-1969.php,0
Italian-Job-2003,https://www.movie-locations.com/movies/i/Italian-Job-2003.php,0
Its-A-Wonderful-Life,https://www.movie-locations.com/movies/i/Its-A-Wonderful-Life.php,9
Jabberwocky,https://www.movie-locations.com/movies/j/Jabberwocky.php,6
Jack-Ryan-Shadow-Recruit,https://www.movie-locations.com/movies/j/Jack-Ryan-Shadow-Recruit.php,1
Jack-The-Giant-Slayer,https://www.movie-locations.com/movies/j/Jack-The-Giant-Slayer.php,1
Jackie-Brown,https://www.movie-locations.com/movies/j/Jackie-Brown.php,2
Jagged-Edge,https://www.movie-locations.com/movies/j/Jagged-Edge.php,2
Jane-Eyre-1996,https://www.movie-locations.com/movies/j/Jane-Eyre-1996.php,0
Jane-Eyre-2011,https://www.movie-locations.com/movies/j/Jane-Eyre-2011.php,0
Jason-And-The-Argonauts-1963,https://www.movie-locations.com/movies/j/Jason-And-The-Argonauts-1963.php,0
Jason-Bourne,https://www.movie-locations.com/movies/j/Jason-Bourne.php,7
Jassy,https://www.movie-locations.com/movies/j/Jassy.php,1
Jay-And-Silent-Bob-Strike-Back,https://www.movie-locations.com/movies/j/Jay-And-Silent-Bob-Strike-Back.php,1
Jerk-1979,https://www.movie-locations.com/movies/j/Jerk-1979.php,0
Jerry-Maguire,https://www.movie-locations.com/movies/j/Jerry-Maguire.php,1
Vampires-1998,https://www.movie-locations.com/movies/j/../v/Vampires-1998.php,0
John-Wick,https://www.movie-locations.com/movies/j/John-Wick.php,13
John-Wick-Chapter-2,https://www.movie-locations.com/movies/j/John-Wick-Chapter-2.php,3
Johnny-Mnemonic,https://www.movie-locations.com/movies/j/Johnny-Mnemonic.php,1
Joker-2019,https://www.movie-locations.com/movies/j/Joker-2019.php,0
Joy-Ride,https://www.movie-locations.com/movies/j/Joy-Ride.php,15
Judy-2019-film-locations,https://www.movie-locations.com/movies/j/Judy-2019-film-locations.php,0
Jurassic-Park,https://www.movie-locations.com/movies/j/Jurassic-Park.php,23
Lost-World-Jurassic-Park,https://www.movie-locations.com/movies/j/../l/Lost-World-Jurassic-Park.php,1
Jurassic-World,https://www.movie-locations.com/movies/j/Jurassic-World.php,13
Jurassic-World-Dominion,https://www.movie-locations.com/movies/j/Jurassic-World-Dominion.php,1
Jurassic-World-Fallen-Kingdom,https://www.movie-locations.com/movies/j/Jurassic-World-Fallen-Kingdom.php,1
Justice-League-film-locations,https://www.movie-locations.com/movies/j/Justice-League-film-locations.php,0
Kal-Ho-Naa-Ho,https://www.movie-locations.com/movies/k/Kal-Ho-Naa-Ho.php,1
Karate-Kid-1984,https://www.movie-locations.com/movies/k/Karate-Kid-1984.php,0
Karate-Kid-2010,https://www.movie-locations.com/movies/k/Karate-Kid-2010.php,0
Kentucky-Fried-Movie,https://www.movie-locations.com/movies/k/Kentucky-Fried-Movie.php,1
Kick-Ass,https://www.movie-locations.com/movies/k/Kick-Ass.php,9
Kill-Bill-Vol-1,https://www.movie-locations.com/movies/k/Kill-Bill-Vol-1.php,2
Kill-Bill-Vol-2,https://www.movie-locations.com/movies/k/Kill-Bill-Vol-2.php,3
Kindergarten-Cop,https://www.movie-locations.com/movies/k/Kindergarten-Cop.php,2
King-Kong-1933,https://www.movie-locations.com/movies/k/King-Kong-1933.php,1
King-Kong-2005,https://www.movie-locations.com/movies/k/King-Kong-2005.php,1
King-Of-Comedy,https://www.movie-locations.com/movies/k/King-Of-Comedy.php,8
King-Ralph,https://www.movie-locations.com/movies/k/King-Ralph.php,1
Kings-Speech,https://www.movie-locations.com/movies/k/Kings-Speech.php,3
Kingsman-The-Secret-Service,https://www.movie-locations.com/movies/k/Kingsman-The-Secret-Service.php,2
Klute,https://www.movie-locations.com/movies/k/Klute.php,3
Knack,https://www.movie-locations.com/movies/k/Knack.php,32
Knight-And-Day,https://www.movie-locations.com/movies/k/Knight-And-Day.php,2
Knights-Tale,https://www.movie-locations.com/movies/k/Knights-Tale.php,5
Knocked-Up,https://www.movie-locations.com/movies/k/Knocked-Up.php,6
Krays,https://www.movie-locations.com/movies/k/Krays.php,22
Kuch-Kuch-Hota-Hai,https://www.movie-locations.com/movies/k/Kuch-Kuch-Hota-Hai.php,2
LA-Story,https://www.movie-locations.com/movies/l/LA-Story.php,578
La-La-Land,https://www.movie-locations.com/movies/l/La-La-Land.php,261
Pans-Labyrinth,https://www.movie-locations.com/movies/l/../p/Pans-Labyrinth.php,1
Labyrinth,https://www.movie-locations.com/movies/l/Labyrinth.php,211
Lady-From-Shanghai,https://www.movie-locations.com/movies/l/Lady-From-Shanghai.php,4
Lady-In-A-Cage,https://www.movie-locations.com/movies/l/Lady-In-A-Cage.php,1
Lagaan,https://www.movie-locations.com/movies/l/Lagaan.php,2
Lara-Croft-Tomb-Raider,https://www.movie-locations.com/movies/l/Lara-Croft-Tomb-Raider.php,3
Last-Action-Hero,https://www.movie-locations.com/movies/l/Last-Action-Hero.php,3
Last-Christmas,https://www.movie-locations.com/movies/l/Last-Christmas.php,31
Last-Emperor,https://www.movie-locations.com/movies/l/Last-Emperor.php,14
Last-Night-In-Soho,https://www.movie-locations.com/movies/l/Last-Night-In-Soho.php,1
Last-Picture-Show,https://www.movie-locations.com/movies/l/Last-Picture-Show.php,3
Last-Tango-In-Paris,https://www.movie-locations.com/movies/l/Last-Tango-In-Paris.php,2
Last-Temptation-Of-Christ,https://www.movie-locations.com/movies/l/Last-Temptation-Of-Christ.php,3
Annee-Derniere-A-Marienbad,https://www.movie-locations.com/movies/l/../a/Annee-Derniere-A-Marienbad.php,1
Lawrence-Of-Arabia,https://www.movie-locations.com/movies/l/Lawrence-Of-Arabia.php,7
Layer-Cake,https://www.movie-locations.com/movies/l/Layer-Cake.php,2
League-Of-Extraordinary-Gentlemen,https://www.movie-locations.com/movies/l/League-Of-Extraordinary-Gentlemen.php,2
League-Of-Their-Own,https://www.movie-locations.com/movies/l/League-Of-Their-Own.php,4
Leather-Boys,https://www.movie-locations.com/movies/l/Leather-Boys.php,1
Leaving-Las-Vegas,https://www.movie-locations.com/movies/l/Leaving-Las-Vegas.php,2
Leben-Der-Anderen,https://www.movie-locations.com/movies/l/Leben-Der-Anderen.php,1
Legally-Blonde,https://www.movie-locations.com/movies/l/Legally-Blonde.php,6
Legend-2015,https://www.movie-locations.com/movies/l/Legend-2015.php,3
Leopard,https://www.movie-locations.com/movies/l/Leopard.php,166
Lethal-Weapon,https://www.movie-locations.com/movies/l/Lethal-Weapon.php,8
Letters-To-Juliet,https://www.movie-locations.com/movies/l/Letters-To-Juliet.php,1
Licence-To-Kill,https://www.movie-locations.com/movies/l/Licence-To-Kill.php,5
Life-Is-Beautiful,https://www.movie-locations.com/movies/l/Life-Is-Beautiful.php,50
Life-Of-Brian,https://www.movie-locations.com/movies/l/Life-Of-Brian.php,10
Ascenseur-Pour-Echafaud,https://www.movie-locations.com/movies/l/../a/Ascenseur-Pour-Echafaud.php,1
Lincoln,https://www.movie-locations.com/movies/l/Lincoln.php,159
Lion-In-Winter,https://www.movie-locations.com/movies/l/Lion-In-Winter.php,3
Edge-Of-Tomorrow,https://www.movie-locations.com/movies/l/../e/Edge-Of-Tomorrow.php,2
Living-Daylights,https://www.movie-locations.com/movies/l/Living-Daylights.php,5
Living-Dead-At-Manchester-Morgue,https://www.movie-locations.com/movies/l/Living-Dead-At-Manchester-Morgue.php,2
Lobster-2015,https://www.movie-locations.com/movies/l/Lobster-2015.php,0
Local-Hero,https://www.movie-locations.com/movies/l/Local-Hero.php,11
Lock-Stock-And-Two-Smoking-Barrels,https://www.movie-locations.com/movies/l/Lock-Stock-And-Two-Smoking-Barrels.php,2
Lola-Rennt,https://www.movie-locations.com/movies/l/Lola-Rennt.php,1
Loneliness-Of-The-Long-Distance-Runner,https://www.movie-locations.com/movies/l/Loneliness-Of-The-Long-Distance-Runner.php,2
Long-Good-Friday,https://www.movie-locations.com/movies/l/Long-Good-Friday.php,2
Looking-For-Eric,https://www.movie-locations.com/movies/l/Looking-For-Eric.php,3
Lord-Of-The-Rings-Fellowship-Of-The-Ring,https://www.movie-locations.com/movies/l/Lord-Of-The-Rings-Fellowship-Of-The-Ring.php,3
Lord-Of-The-Rings-The-Two-Towers,https://www.movie-locations.com/movies/l/Lord-Of-The-Rings-The-Two-Towers.php,2
Lord-Of-The-Rings-The-Return-Of-The-King,https://www.movie-locations.com/movies/l/Lord-Of-The-Rings-The-Return-Of-The-King.php,4
Lost-Boys,https://www.movie-locations.com/movies/l/Lost-Boys.php,27
Lost-Highway,https://www.movie-locations.com/movies/l/Lost-Highway.php,5
Lost-World-Jurassic-Park,https://www.movie-locations.com/movies/l/Lost-World-Jurassic-Park.php,1
Love-Actually,https://www.movie-locations.com/movies/l/Love-Actually.php,7
Love-Story,https://www.movie-locations.com/movies/l/Love-Story.php,715
Ma-Nuit-Chez-Maud,https://www.movie-locations.com/movies/m/Ma-Nuit-Chez-Maud.php,1
Macbeth-1971,https://www.movie-locations.com/movies/m/Macbeth-1971.php,0
MacKennas-Gold,https://www.movie-locations.com/movies/m/MacKennas-Gold.php,2
Mad-Max,https://www.movie-locations.com/movies/m/Mad-Max.php,23
Mad-Max-2,https://www.movie-locations.com/movies/m/Mad-Max-2.php,1
Mad-Max-3,https://www.movie-locations.com/movies/m/Mad-Max-3.php,2
Mad-Max-Fury-Road,https://www.movie-locations.com/movies/m/Mad-Max-Fury-Road.php,2
Made-Of-Honor,https://www.movie-locations.com/movies/m/Made-Of-Honor.php,1
Madness-Of-King-George,https://www.movie-locations.com/movies/m/Madness-Of-King-George.php,1
Magnolia,https://www.movie-locations.com/movies/m/Magnolia.php,27
Mamma-Mia,https://www.movie-locations.com/movies/m/Mamma-Mia.php,16
Man-For-All-Seasons,https://www.movie-locations.com/movies/m/Man-For-All-Seasons.php,4
Man-In-The-Iron-Mask-1998,https://www.movie-locations.com/movies/m/Man-In-The-Iron-Mask-1998.php,0
Man-Of-Steel,https://www.movie-locations.com/movies/m/Man-Of-Steel.php,13
Man-Up,https://www.movie-locations.com/movies/m/Man-Up.php,74
Man-Who-Fell-To-Earth,https://www.movie-locations.com/movies/m/Man-Who-Fell-To-Earth.php,4
Man-Who-Knew-Too-Much-1934,https://www.movie-locations.com/movies/m/Man-Who-Knew-Too-Much-1934.php,0
Man-Who-Knew-Too-Much-1956,https://www.movie-locations.com/movies/m/Man-Who-Knew-Too-Much-1956.php,0
Man-With-The-Golden-Gun,https://www.movie-locations.com/movies/m/Man-With-The-Golden-Gun.php,6
Manhattan,https://www.movie-locations.com/movies/m/Manhattan.php,242
Manhunter,https://www.movie-locations.com/movies/m/Manhunter.php,24
Marathon-Man,https://www.movie-locations.com/movies/m/Marathon-Man.php,5
Marnie,https://www.movie-locations.com/movies/m/Marnie.php,9
Martian,https://www.movie-locations.com/movies/m/Martian.php,55
Mary-Poppins-1964,https://www.movie-locations.com/movies/m/Mary-Poppins-1964.php,0
Mary-Poppins-Returns,https://www.movie-locations.com/movies/m/Mary-Poppins-Returns.php,2
Mary-Queen-Of-Scots,https://www.movie-locations.com/movies/m/Mary-Queen-Of-Scots.php,7
Mask-1994,https://www.movie-locations.com/movies/m/Mask-1994.php,1
Match-Point,https://www.movie-locations.com/movies/m/Match-Point.php,9
Me-And-Earl-And-The-Dying-Girl,https://www.movie-locations.com/movies/m/Me-And-Earl-And-The-Dying-Girl.php,1
Mean-Streets,https://www.movie-locations.com/movies/m/Mean-Streets.php,7
Men-In-Black-3,https://www.movie-locations.com/movies/m/Men-In-Black-3.php,1
Meet-The-Fockers,https://www.movie-locations.com/movies/m/Meet-The-Fockers.php,3
Memento,https://www.movie-locations.com/movies/m/Memento.php,85
Men-In-Black,https://www.movie-locations.com/movies/m/Men-In-Black.php,21
Men-In-Black-International,https://www.movie-locations.com/movies/m/Men-In-Black-International.php,1
Mepris,https://www.movie-locations.com/movies/m/Mepris.php,14
Spooks-The-Greater-Good,https://www.movie-locations.com/movies/m/../s/Spooks-The-Greater-Good.php,1
Midnight-Cowboy,https://www.movie-locations.com/movies/m/Midnight-Cowboy.php,3
Midnight-Express,https://www.movie-locations.com/movies/m/Midnight-Express.php,10
Midnight-In-Paris,https://www.movie-locations.com/movies/m/Midnight-In-Paris.php,3
Midnight-Run,https://www.movie-locations.com/movies/m/Midnight-Run.php,18
Mildred-Pierce,https://www.movie-locations.com/movies/m/Mildred-Pierce.php,1
Milk,https://www.movie-locations.com/movies/m/Milk.php,482
Million-Dollar-Baby,https://www.movie-locations.com/movies/m/Million-Dollar-Baby.php,5
Miracle-On-34th-Street-1994,https://www.movie-locations.com/movies/m/Miracle-On-34th-Street-1994.php,0
Miserables,https://www.movie-locations.com/movies/m/Miserables.php,83
Misfits,https://www.movie-locations.com/movies/m/Misfits.php,39
Mission-Impossible,https://www.movie-locations.com/movies/m/Mission-Impossible.php,29
Mission-Impossible-2,https://www.movie-locations.com/movies/m/Mission-Impossible-2.php,7
Mission-Impossible-3,https://www.movie-locations.com/movies/m/Mission-Impossible-3.php,1
Mission-Impossible-Fallout,https://www.movie-locations.com/movies/m/Mission-Impossible-Fallout.php,1
Mission-Impossible-Ghost-Protocol,https://www.movie-locations.com/movies/m/Mission-Impossible-Ghost-Protocol.php,1
Mission-Impossible-Rogue-Nation,https://www.movie-locations.com/movies/m/Mission-Impossible-Rogue-Nation.php,1
Mrs-Doubtfire,https://www.movie-locations.com/movies/m/Mrs-Doubtfire.php,5
Mr-And-Mrs-Smith,https://www.movie-locations.com/movies/m/Mr-And-Mrs-Smith.php,2
Mr-Holmes,https://www.movie-locations.com/movies/m/Mr-Holmes.php,2
Mo-Better-Blues,https://www.movie-locations.com/movies/m/Mo-Better-Blues.php,1
Mommie-Dearest,https://www.movie-locations.com/movies/m/Mommie-Dearest.php,4
Mona-Lisa,https://www.movie-locations.com/movies/m/Mona-Lisa.php,45
Monsters-Ball,https://www.movie-locations.com/movies/m/Monsters-Ball.php,1
Monty-Python-And-The-Holy-Grail,https://www.movie-locations.com/movies/m/Monty-Python-And-The-Holy-Grail.php,2
Life-Of-Brian,https://www.movie-locations.com/movies/m/../l/Life-Of-Brian.php,10
Moonlight-2016,https://www.movie-locations.com/movies/m/Moonlight-2016.php,1
Moonraker-1979,https://www.movie-locations.com/movies/m/Moonraker-1979.php,1
Moonrise-Kingdom,https://www.movie-locations.com/movies/m/Moonrise-Kingdom.php,5
Morgan-A-Suitable-Case,https://www.movie-locations.com/movies/m/Morgan-A-Suitable-Case.php,1
Motorcycle-Diaries,https://www.movie-locations.com/movies/m/Motorcycle-Diaries.php,1
Mulholland-Drive,https://www.movie-locations.com/movies/m/Mulholland-Drive.php,7
Music-Lovers,https://www.movie-locations.com/movies/m/Music-Lovers.php,3
My-Beautiful-Laundrette,https://www.movie-locations.com/movies/m/My-Beautiful-Laundrette.php,4
My-Fair-Lady,https://www.movie-locations.com/movies/m/My-Fair-Lady.php,5
My-Girl,https://www.movie-locations.com/movies/m/My-Girl.php,268
My-Week-With-Marilyn,https://www.movie-locations.com/movies/m/My-Week-With-Marilyn.php,1
Mystic-Pizza,https://www.movie-locations.com/movies/m/Mystic-Pizza.php,1
Mystic-River,https://www.movie-locations.com/movies/m/Mystic-River.php,2
Naked-Gun-1,https://www.movie-locations.com/movies/n/Naked-Gun-1.php,3
Naked-Gun-3,https://www.movie-locations.com/movies/n/Naked-Gun-3.php,1
Name-Of-The-Rose,https://www.movie-locations.com/movies/n/Name-Of-The-Rose.php,4
National-Lampoons-Animal-House,https://www.movie-locations.com/movies/n/National-Lampoons-Animal-House.php,2
National-Treasure,https://www.movie-locations.com/movies/n/National-Treasure.php,25
National-Treasure-Book-Of-Secrets,https://www.movie-locations.com/movies/n/National-Treasure-Book-Of-Secrets.php,1
Natural-Born-Killers,https://www.movie-locations.com/movies/n/Natural-Born-Killers.php,3
Neighbors,https://www.movie-locations.com/movies/n/Neighbors.php,235
Network,https://www.movie-locations.com/movies/n/Network.php,120
Never-Let-Me-Go,https://www.movie-locations.com/movies/n/Never-Let-Me-Go.php,7
New-York-New-York,https://www.movie-locations.com/movies/n/New-York-New-York.php,1169
Night-And-The-City-1950,https://www.movie-locations.com/movies/n/Night-And-The-City-1950.php,0
Night-Of-The-Demon,https://www.movie-locations.com/movies/n/Night-Of-The-Demon.php,28
Night-Of-The-Living-Dead-1968,https://www.movie-locations.com/movies/n/Night-Of-The-Living-Dead-1968.php,0
Night-Porter,https://www.movie-locations.com/movies/n/Night-Porter.php,5
Night-To-Remember,https://www.movie-locations.com/movies/n/Night-To-Remember.php,21
Nightcomers,https://www.movie-locations.com/movies/n/Nightcomers.php,1
Nightcrawler,https://www.movie-locations.com/movies/n/Nightcrawler.php,7
Nightmare-On-Elm-Street-1984,https://www.movie-locations.com/movies/n/Nightmare-On-Elm-Street-1984.php,0
1984-1984,https://www.movie-locations.com/movies/n/../0/1984-1984.php,203
No-Country-For-Old-Men,https://www.movie-locations.com/movies/n/No-Country-For-Old-Men.php,2
No-Time-To-Die,https://www.movie-locations.com/movies/n/No-Time-To-Die.php,21
No-Way-To-Treat-A-Lady,https://www.movie-locations.com/movies/n/No-Way-To-Treat-A-Lady.php,1
North-By-Northwest,https://www.movie-locations.com/movies/n/North-By-Northwest.php,5
Nosferatu-1979,https://www.movie-locations.com/movies/n/Nosferatu-1979.php,0
Not-Another-Teen-Movie,https://www.movie-locations.com/movies/n/Not-Another-Teen-Movie.php,1
Notebook,https://www.movie-locations.com/movies/n/Notebook.php,77
Notting-Hill,https://www.movie-locations.com/movies/n/Notting-Hill.php,7
Now-You-See-Me,https://www.movie-locations.com/movies/n/Now-You-See-Me.php,11
Cinema-Paradiso,https://www.movie-locations.com/movies/n/../c/Cinema-Paradiso.php,2
Nutty-Professor-1963,https://www.movie-locations.com/movies/n/Nutty-Professor-1963.php,0
Oblivion,https://www.movie-locations.com/movies/o/Oblivion.php,97
Octopussy,https://www.movie-locations.com/movies/o/Octopussy.php,5
Edipo-Re,https://www.movie-locations.com/movies/o/../e/Edipo-Re.php,3
Old-School,https://www.movie-locations.com/movies/o/Old-School.php,27
Omen-1976,https://www.movie-locations.com/movies/o/Omen-1976.php,0
Omen-2006,https://www.movie-locations.com/movies/o/Omen-2006.php,0
On-Her-Majestys-Secret-Service,https://www.movie-locations.com/movies/o/On-Her-Majestys-Secret-Service.php,5
On-The-Waterfront,https://www.movie-locations.com/movies/o/On-The-Waterfront.php,10
Once-Upon-A-Time-In-Hollywood,https://www.movie-locations.com/movies/o/Once-Upon-A-Time-In-Hollywood.php,3
One-Flew-Over-The-Cuckoos-Nest,https://www.movie-locations.com/movies/o/One-Flew-Over-The-Cuckoos-Nest.php,3
101-Dalmatians,https://www.movie-locations.com/movies/o/../0/101-Dalmatians.php,9
Abre-Los-Ojos,https://www.movie-locations.com/movies/o/../a/Abre-Los-Ojos.php,2
Oppenheimer,https://www.movie-locations.com/movies/o/Oppenheimer.php,27
Orlando,https://www.movie-locations.com/movies/o/Orlando.php,54
Other-Boleyn-Girl,https://www.movie-locations.com/movies/o/Other-Boleyn-Girl.php,2
Paddington,https://www.movie-locations.com/movies/p/Paddington.php,16
Pal-Joey,https://www.movie-locations.com/movies/p/Pal-Joey.php,1
Pans-Labyrinth,https://www.movie-locations.com/movies/p/Pans-Labyrinth.php,1
Paradine-Case,https://www.movie-locations.com/movies/p/Paradine-Case.php,1
Paris-When-It-Sizzles,https://www.movie-locations.com/movies/p/Paris-When-It-Sizzles.php,1
Passenger,https://www.movie-locations.com/movies/p/Passenger.php,153
Passport-To-Pimlico,https://www.movie-locations.com/movies/p/Passport-To-Pimlico.php,1
Paths-Of-Glory,https://www.movie-locations.com/movies/p/Paths-Of-Glory.php,7
Patriot-2000,https://www.movie-locations.com/movies/p/Patriot-2000.php,0
Pearl-Harbor,https://www.movie-locations.com/movies/p/Pearl-Harbor.php,50
Pee-Wees-Big-Adventure,https://www.movie-locations.com/movies/p/Pee-Wees-Big-Adventure.php,1
Peeping-Tom,https://www.movie-locations.com/movies/p/Peeping-Tom.php,18
Performance,https://www.movie-locations.com/movies/p/Performance.php,467
Phantasm,https://www.movie-locations.com/movies/p/Phantasm.php,65
Phantom-Of-The-Paradise,https://www.movie-locations.com/movies/p/Phantom-Of-The-Paradise.php,2
Phone-Booth,https://www.movie-locations.com/movies/p/Phone-Booth.php,5
Piano,https://www.movie-locations.com/movies/p/Piano.php,410
Picnic-At-Hanging-Rock,https://www.movie-locations.com/movies/p/Picnic-At-Hanging-Rock.php,3
Pink-Flamingos,https://www.movie-locations.com/movies/p/Pink-Flamingos.php,2
Pink-Panther-1963,https://www.movie-locations.com/movies/p/Pink-Panther-1963.php,0
Pirates-Of-The-Caribbean-2,https://www.movie-locations.com/movies/p/Pirates-Of-The-Caribbean-2.php,3
Pirates-Of-The-Caribbean-3,https://www.movie-locations.com/movies/p/Pirates-Of-The-Caribbean-3.php,3
Pirates-Of-The-Caribbean-4,https://www.movie-locations.com/movies/p/Pirates-Of-The-Caribbean-4.php,1
Plan-9-From-Outer-Space,https://www.movie-locations.com/movies/p/Plan-9-From-Outer-Space.php,3
Planes-Trains-And-Automobiles,https://www.movie-locations.com/movies/p/Planes-Trains-And-Automobiles.php,3
Planet-Of-The-Apes-2001,https://www.movie-locations.com/movies/p/Planet-Of-The-Apes-2001.php,1
Player,https://www.movie-locations.com/movies/p/Player.php,256
Point-Blank,https://www.movie-locations.com/movies/p/Point-Blank.php,18
Point-Break,https://www.movie-locations.com/movies/p/Point-Break.php,43
Police-Academy,https://www.movie-locations.com/movies/p/Police-Academy.php,8
Poltergeist,https://www.movie-locations.com/movies/p/Poltergeist.php,49
Postino,https://www.movie-locations.com/movies/p/Postino.php,7
Predator,https://www.movie-locations.com/movies/p/Predator.php,165
Prestige,https://www.movie-locations.com/movies/p/Prestige.php,11
Pretty-In-Pink,https://www.movie-locations.com/movies/p/Pretty-In-Pink.php,2
Pretty-Woman,https://www.movie-locations.com/movies/p/Pretty-Woman.php,9
Prick-Up-Your-Ears,https://www.movie-locations.com/movies/p/Prick-Up-Your-Ears.php,1
Pride-And-Prejudice-2005,https://www.movie-locations.com/movies/p/Pride-And-Prejudice-2005.php,1
Prima-Della-Rivoluzione,https://www.movie-locations.com/movies/p/Prima-Della-Rivoluzione.php,1
Prime-Of-Miss-Jean-Brodie,https://www.movie-locations.com/movies/p/Prime-Of-Miss-Jean-Brodie.php,1
Princess-Diaries,https://www.movie-locations.com/movies/p/Princess-Diaries.php,6
Private-Function,https://www.movie-locations.com/movies/p/Private-Function.php,1
Private-Life-Of-Sherlock-Holmes,https://www.movie-locations.com/movies/p/Private-Life-Of-Sherlock-Holmes.php,1
Prometheus,https://www.movie-locations.com/movies/p/Prometheus.php,45
Psycho-1960,https://www.movie-locations.com/movies/p/Psycho-1960.php,0
Public-Enemies,https://www.movie-locations.com/movies/p/Public-Enemies.php,16
Pulp-Fiction,https://www.movie-locations.com/movies/p/Pulp-Fiction.php,5
Punch-Drunk-Love,https://www.movie-locations.com/movies/p/Punch-Drunk-Love.php,2
Pursuit-Of-Happyness,https://www.movie-locations.com/movies/p/Pursuit-Of-Happyness.php,2
Quantum-Of-Solace,https://www.movie-locations.com/movies/q/Quantum-Of-Solace.php,2
Queen-2006,https://www.movie-locations.com/movies/q/Queen-2006.php,0
Quills,https://www.movie-locations.com/movies/q/Quills.php,5
Canterbury-Tales-1972,https://www.movie-locations.com/movies/r/../c/Canterbury-Tales-1972.php,0
Raging-Bull,https://www.movie-locations.com/movies/r/Raging-Bull.php,12
Raiders-Of-The-Lost-Ark,https://www.movie-locations.com/movies/r/Raiders-Of-The-Lost-Ark.php,5
Railway-Children,https://www.movie-locations.com/movies/r/Railway-Children.php,6
Rain-Man,https://www.movie-locations.com/movies/r/Rain-Man.php,9
Dahong-Denglong-Gao-Gao-Gua,https://www.movie-locations.com/movies/r/../d/Dahong-Denglong-Gao-Gao-Gua.php,0
Raising-Arizona,https://www.movie-locations.com/movies/r/Raising-Arizona.php,1
Raising-Cain,https://www.movie-locations.com/movies/r/Raising-Cain.php,2
Death-Line,https://www.movie-locations.com/movies/r/../d/Death-Line.php,8
Ray,https://www.movie-locations.com/movies/r/Ray.php,1718
Ready-Player-One,https://www.movie-locations.com/movies/r/Ready-Player-One.php,2
Real-Steel,https://www.movie-locations.com/movies/r/Real-Steel.php,2
Rebel-Without-A-Cause,https://www.movie-locations.com/movies/r/Rebel-Without-A-Cause.php,3
RED-2010,https://www.movie-locations.com/movies/r/RED-2010.php,4
Red-Dragon,https://www.movie-locations.com/movies/r/Red-Dragon.php,29
Red-Shoes,https://www.movie-locations.com/movies/r/Red-Shoes.php,31
Red-Sparrow,https://www.movie-locations.com/movies/r/Red-Sparrow.php,2
Regle-Du-Jeu,https://www.movie-locations.com/movies/r/Regle-Du-Jeu.php,4
Remains-Of-The-Day,https://www.movie-locations.com/movies/r/Remains-Of-The-Day.php,4
Repulsion,https://www.movie-locations.com/movies/r/Repulsion.php,5
Requiem-For-A-Dream,https://www.movie-locations.com/movies/r/Requiem-For-A-Dream.php,5
Reservoir-Dogs,https://www.movie-locations.com/movies/r/Reservoir-Dogs.php,4
Resident-Evil,https://www.movie-locations.com/movies/r/Resident-Evil.php,30
Star-Wars-6-Return-Of-The-Jedi,https://www.movie-locations.com/movies/r/../s/Star-Wars-6-Return-Of-The-Jedi.php,1
Revenant,https://www.movie-locations.com/movies/r/Revenant.php,420
Rififi,https://www.movie-locations.com/movies/r/Rififi.php,24
Ring-2002,https://www.movie-locations.com/movies/r/Ring-2002.php,4
Riot-Club,https://www.movie-locations.com/movies/r/Riot-Club.php,2
Riot-In-Cell-Block-11,https://www.movie-locations.com/movies/r/Riot-In-Cell-Block-11.php,1
Risky-Business,https://www.movie-locations.com/movies/r/Risky-Business.php,9
Road-2009,https://www.movie-locations.com/movies/r/Road-2009.php,2
Road-To-Perdition,https://www.movie-locations.com/movies/r/Road-To-Perdition.php,2
Joy-Ride,https://www.movie-locations.com/movies/r/../j/Joy-Ride.php,15
Rob-Roy,https://www.movie-locations.com/movies/r/Rob-Roy.php,6
Robin-Hood-1991,https://www.movie-locations.com/movies/r/Robin-Hood-1991.php,0
Robin-Hood-2010,https://www.movie-locations.com/movies/r/Robin-Hood-2010.php,0
Robin-Hood-Prince-Of-Thieves,https://www.movie-locations.com/movies/r/Robin-Hood-Prince-Of-Thieves.php,2
Robocop-1987,https://www.movie-locations.com/movies/r/Robocop-1987.php,1
Rock-1996,https://www.movie-locations.com/movies/r/Rock-1996.php,1
Rogue-One,https://www.movie-locations.com/movies/r/Rogue-One.php,4
Romeo-And-Juliet-1968,https://www.movie-locations.com/movies/r/Romeo-And-Juliet-1968.php,1
William-Shakespeares-Romeo+Juliet,https://www.movie-locations.com/movies/r/../w/William-Shakespeares-Romeo+Juliet.php,2
Room-With-A-View,https://www.movie-locations.com/movies/r/Room-With-A-View.php,10
Rosemarys-Baby,https://www.movie-locations.com/movies/r/Rosemarys-Baby.php,4
Royal-Tenenbaums,https://www.movie-locations.com/movies/r/Royal-Tenenbaums.php,3
Ruling-Class,https://www.movie-locations.com/movies/r/Ruling-Class.php,3
Run-Fatboy-Run,https://www.movie-locations.com/movies/r/Run-Fatboy-Run.php,1
Lola-Rennt,https://www.movie-locations.com/movies/r/../l/Lola-Rennt.php,1
Rush-Hour,https://www.movie-locations.com/movies/r/Rush-Hour.php,21
Saint-1997,https://www.movie-locations.com/movies/s/Saint-1997.php,1
Salo,https://www.movie-locations.com/movies/s/Salo.php,363
Saltburn,https://www.movie-locations.com/movies/s/Saltburn.php,1
Samourai,https://www.movie-locations.com/movies/s/Samourai.php,47
Sapphire,https://www.movie-locations.com/movies/s/Sapphire.php,23
Saraband-For-Dead-Lovers,https://www.movie-locations.com/movies/s/Saraband-For-Dead-Lovers.php,1
Satanic-Rites-Of-Dracula,https://www.movie-locations.com/movies/s/Satanic-Rites-Of-Dracula.php,2
Saturday-Night-Fever,https://www.movie-locations.com/movies/s/Saturday-Night-Fever.php,4
Saving-Mr-Banks,https://www.movie-locations.com/movies/s/Saving-Mr-Banks.php,1
Saving-Private-Ryan,https://www.movie-locations.com/movies/s/Saving-Private-Ryan.php,3
Saw-2004,https://www.movie-locations.com/movies/s/Saw-2004.php,1
Sayonara,https://www.movie-locations.com/movies/s/Sayonara.php,66
Scarface-1983,https://www.movie-locations.com/movies/s/Scarface-1983.php,1
Schindlers-List,https://www.movie-locations.com/movies/s/Schindlers-List.php,3
School-Of-Rock,https://www.movie-locations.com/movies/s/School-Of-Rock.php,4
Scott-Pilgrim-Vs-The-World,https://www.movie-locations.com/movies/s/Scott-Pilgrim-Vs-The-World.php,3
Scream-1996,https://www.movie-locations.com/movies/s/Scream-1996.php,0
Scream-2,https://www.movie-locations.com/movies/s/Scream-2.php,28
Scream-3,https://www.movie-locations.com/movies/s/Scream-3.php,10
Scream-4,https://www.movie-locations.com/movies/s/Scream-4.php,5
Secrets-And-Lies,https://www.movie-locations.com/movies/s/Secrets-And-Lies.php,61
Selma,https://www.movie-locations.com/movies/s/Selma.php,38
Sense-And-Sensibility-1995,https://www.movie-locations.com/movies/s/Sense-And-Sensibility-1995.php,0
Senso,https://www.movie-locations.com/movies/s/Senso.php,134
Serenity,https://www.movie-locations.com/movies/s/Serenity.php,89
Serial-Mom,https://www.movie-locations.com/movies/s/Serial-Mom.php,1
Serpico,https://www.movie-locations.com/movies/s/Serpico.php,5
Servant-1963,https://www.movie-locations.com/movies/s/Servant-1963.php,0
Seven-1995,https://www.movie-locations.com/movies/s/Seven-1995.php,0
Seventh-Seal,https://www.movie-locations.com/movies/s/Seventh-Seal.php,2
Sex-And-The-City,https://www.movie-locations.com/movies/s/Sex-And-The-City.php,8
Sexy-Beast,https://www.movie-locations.com/movies/s/Sexy-Beast.php,3
Shadowlands,https://www.movie-locations.com/movies/s/Shadowlands.php,8
Shakespeare-In-Love,https://www.movie-locations.com/movies/s/Shakespeare-In-Love.php,3
Shallow-Grave,https://www.movie-locations.com/movies/s/Shallow-Grave.php,10
Shame-2011,https://www.movie-locations.com/movies/s/Shame-2011.php,0
Shape-Of-Water,https://www.movie-locations.com/movies/s/Shape-Of-Water.php,1
Shaun-Of-The-Dead,https://www.movie-locations.com/movies/s/Shaun-Of-The-Dead.php,1
Shawshank-Redemption,https://www.movie-locations.com/movies/s/Shawshank-Redemption.php,2
Shazam,https://www.movie-locations.com/movies/s/Shazam.php,10
Sherlock-Holmes-2009,https://www.movie-locations.com/movies/s/Sherlock-Holmes-2009.php,0
Sherlock-Holmes-Game-Of-Shadows,https://www.movie-locations.com/movies/s/Sherlock-Holmes-Game-Of-Shadows.php,2
Shining-1980,https://www.movie-locations.com/movies/s/Shining-1980.php,0
Shootist,https://www.movie-locations.com/movies/s/Shootist.php,7
Shutter-Island,https://www.movie-locations.com/movies/s/Shutter-Island.php,2
Sid-And-Nancy,https://www.movie-locations.com/movies/s/Sid-And-Nancy.php,3
Sideways,https://www.movie-locations.com/movies/s/Sideways.php,12
Silence-Of-The-Lambs,https://www.movie-locations.com/movies/s/Silence-Of-The-Lambs.php,7
Single-White-Female,https://www.movie-locations.com/movies/s/Single-White-Female.php,2
Sister-Act,https://www.movie-locations.com/movies/s/Sister-Act.php,5
Skyfall,https://www.movie-locations.com/movies/s/Skyfall.php,5
Sleepers,https://www.movie-locations.com/movies/s/Sleepers.php,23
Sleepless-In-Seattle,https://www.movie-locations.com/movies/s/Sleepless-In-Seattle.php,1
Sleuth-1972,https://www.movie-locations.com/movies/s/Sleuth-1972.php,1
Snatch-2000,https://www.movie-locations.com/movies/s/Snatch-2000.php,1
Social-Network,https://www.movie-locations.com/movies/s/Social-Network.php,10
Society-1989,https://www.movie-locations.com/movies/s/Society-1989.php,0
Some-Like-It-Hot,https://www.movie-locations.com/movies/s/Some-Like-It-Hot.php,11
Sophies-Choice,https://www.movie-locations.com/movies/s/Sophies-Choice.php,4
Sorcerers,https://www.movie-locations.com/movies/s/Sorcerers.php,74
Sound-Of-Music,https://www.movie-locations.com/movies/s/Sound-Of-Music.php,29
Source-Code,https://www.movie-locations.com/movies/s/Source-Code.php,2
Spartacus-1960,https://www.movie-locations.com/movies/s/Spartacus-1960.php,0
Species-1995,https://www.movie-locations.com/movies/s/Species-1995.php,0
Spectre,https://www.movie-locations.com/movies/s/Spectre.php,99
Speed-1994,https://www.movie-locations.com/movies/s/Speed-1994.php,1
Spider-Man,https://www.movie-locations.com/movies/s/Spider-Man.php,78
Spider-Man-2,https://www.movie-locations.com/movies/s/Spider-Man-2.php,15
Spider-Man-3,https://www.movie-locations.com/movies/s/Spider-Man-3.php,5
Spider-Man-Far-From-Home,https://www.movie-locations.com/movies/s/Spider-Man-Far-From-Home.php,1
Spider-Man-Homecoming,https://www.movie-locations.com/movies/s/Spider-Man-Homecoming.php,2
Spider-Man-No-Way-Home,https://www.movie-locations.com/movies/s/Spider-Man-No-Way-Home.php,2
Spooks-The-Greater-Good,https://www.movie-locations.com/movies/s/Spooks-The-Greater-Good.php,1
Spy-2015,https://www.movie-locations.com/movies/s/Spy-2015.php,0
Spy-Game,https://www.movie-locations.com/movies/s/Spy-Game.php,5
Spy-Kids,https://www.movie-locations.com/movies/s/Spy-Kids.php,6
Spy-Kids-2,https://www.movie-locations.com/movies/s/Spy-Kids-2.php,1
Spy-Who-Loved-Me,https://www.movie-locations.com/movies/s/Spy-Who-Loved-Me.php,6
Stage-Fright,https://www.movie-locations.com/movies/s/Stage-Fright.php,22
Star-Is-Born-1954,https://www.movie-locations.com/movies/s/Star-Is-Born-1954.php,0
Star-Is-Born-2018,https://www.movie-locations.com/movies/s/Star-Is-Born-2018.php,1
Star-Trek-3-The-Search-For-Spock,https://www.movie-locations.com/movies/s/Star-Trek-3-The-Search-For-Spock.php,1
Star-Trek-5-The Final-Frontier,https://www.movie-locations.com/movies/s/Star-Trek-5-The Final-Frontier.php,1
Star-Trek-2009,https://www.movie-locations.com/movies/s/Star-Trek-2009.php,0
Star-Trek-Into-Darkness,https://www.movie-locations.com/movies/s/Star-Trek-Into-Darkness.php,1
Star-Trek-Beyond,https://www.movie-locations.com/movies/s/Star-Trek-Beyond.php,5
Star-Wars-1-The-Phantom-Menace,https://www.movie-locations.com/movies/s/Star-Wars-1-The-Phantom-Menace.php,2
Star-Wars-2-Attack-Of-The-Clones,https://www.movie-locations.com/movies/s/Star-Wars-2-Attack-Of-The-Clones.php,1
Star-Wars-3-Revenge-Of-The-Sith,https://www.movie-locations.com/movies/s/Star-Wars-3-Revenge-Of-The-Sith.php,1
Star-Wars-4-A-New-Hope,https://www.movie-locations.com/movies/s/Star-Wars-4-A-New-Hope.php,1
Star-Wars-5-The-Empire-Strikes-Back,https://www.movie-locations.com/movies/s/Star-Wars-5-The-Empire-Strikes-Back.php,1
Star-Wars-6-Return-Of-The-Jedi,https://www.movie-locations.com/movies/s/Star-Wars-6-Return-Of-The-Jedi.php,1
Star-Wars-7-The-Force-Awakens,https://www.movie-locations.com/movies/s/Star-Wars-7-The-Force-Awakens.php,1
Star-Wars-8-The-Last-Jedi,https://www.movie-locations.com/movies/s/Star-Wars-8-The-Last-Jedi.php,1
Stardust-2007,https://www.movie-locations.com/movies/s/Stardust-2007.php,0
Starship-Troopers,https://www.movie-locations.com/movies/s/Starship-Troopers.php,9
Starsky-And-Hutch-2004-film-locations,https://www.movie-locations.com/movies/s/Starsky-And-Hutch-2004-film-locations.php,0
Step-Brothers,https://www.movie-locations.com/movies/s/Step-Brothers.php,4
Step-Up,https://www.movie-locations.com/movies/s/Step-Up.php,25
Strange-Days,https://www.movie-locations.com/movies/s/Strange-Days.php,14
Straw-Dogs-1971,https://www.movie-locations.com/movies/s/Straw-Dogs-1971.php,0
Sudden-Fear,https://www.movie-locations.com/movies/s/Sudden-Fear.php,1
Sudden-Impact,https://www.movie-locations.com/movies/s/Sudden-Impact.php,3
Suffragette-2015,https://www.movie-locations.com/movies/s/Suffragette-2015.php,0
Suicide-Squad,https://www.movie-locations.com/movies/s/Suicide-Squad.php,10
Sunset-Boulevard,https://www.movie-locations.com/movies/s/Sunset-Boulevard.php,15
Sunshine-Boys,https://www.movie-locations.com/movies/s/Sunshine-Boys.php,4
Superbad,https://www.movie-locations.com/movies/s/Superbad.php,4
Superman-Returns,https://www.movie-locations.com/movies/s/Superman-Returns.php,4
Suspiria-1977,https://www.movie-locations.com/movies/s/Suspiria-1977.php,1
SWAT,https://www.movie-locations.com/movies/s/SWAT.php,55
Sweet-Smell-Of-Success,https://www.movie-locations.com/movies/s/Sweet-Smell-Of-Success.php,2
Talented-Mr-Ripley,https://www.movie-locations.com/movies/t/Talented-Mr-Ripley.php,4
Taste-The-Blood-Of-Dracula,https://www.movie-locations.com/movies/t/Taste-The-Blood-Of-Dracula.php,1
Taxi-Driver,https://www.movie-locations.com/movies/t/Taxi-Driver.php,41
Ted-2012,https://www.movie-locations.com/movies/t/Ted-2012.php,1
10,https://www.movie-locations.com/movies/t/../0/10.php,3925
Ten-Commandments-1923,https://www.movie-locations.com/movies/t/Ten-Commandments-1923.php,0
Ten-Commandments-1956,https://www.movie-locations.com/movies/t/Ten-Commandments-1956.php,1
10-Things-I-Hate-About-You,https://www.movie-locations.com/movies/t/../0/10-Things-I-Hate-About-You.php,1
Tenet-film-locations,https://www.movie-locations.com/movies/t/Tenet-film-locations.php,0
Terminator,https://www.movie-locations.com/movies/t/Terminator.php,103
Terminator-2,https://www.movie-locations.com/movies/t/Terminator-2.php,16
Terminator-Salvation,https://www.movie-locations.com/movies/t/Terminator-Salvation.php,2
Texas-Chain-Saw-Massacre-1974,https://www.movie-locations.com/movies/t/Texas-Chain-Saw-Massacre-1974.php,0
Texas-Chainsaw-Massacre-2003,https://www.movie-locations.com/movies/t/Texas-Chainsaw-Massacre-2003.php,0
Theatre-Of-Blood,https://www.movie-locations.com/movies/t/Theatre-Of-Blood.php,5
Thelma-And-Louise,https://www.movie-locations.com/movies/t/Thelma-And-Louise.php,1
Theory-Of-Everything,https://www.movie-locations.com/movies/t/Theory-Of-Everything.php,11
They-Live,https://www.movie-locations.com/movies/t/They-Live.php,2127
Thing-1982,https://www.movie-locations.com/movies/t/Thing-1982.php,1
Third-Man,https://www.movie-locations.com/movies/t/Third-Man.php,25
39-Steps-1935,https://www.movie-locations.com/movies/t/39-Steps-1935.php,0
Thomas-Crown-Affair-1968,https://www.movie-locations.com/movies/t/Thomas-Crown-Affair-1968.php,0
Thomas-Crown-Affair-1999,https://www.movie-locations.com/movies/t/Thomas-Crown-Affair-1999.php,0
Thor-The-Dark-World,https://www.movie-locations.com/movies/t/Thor-The-Dark-World.php,1
Three-Billboards-Outside-Ebbing-Missouri,https://www.movie-locations.com/movies/t/Three-Billboards-Outside-Ebbing-Missouri.php,2
Three-Days-Of-The-Condor,https://www.movie-locations.com/movies/t/Three-Days-Of-The-Condor.php,1
3-Men-And-A-Baby,https://www.movie-locations.com/movies/t/../0/3-Men-And-A-Baby.php,2
Three-Musketeers-1973,https://www.movie-locations.com/movies/t/Three-Musketeers-1973.php,0
Three-Musketeers-2011,https://www.movie-locations.com/movies/t/Three-Musketeers-2011.php,0
Thunderball,https://www.movie-locations.com/movies/t/Thunderball.php,9
Time-After-Time,https://www.movie-locations.com/movies/t/Time-After-Time.php,23
Tin-Men,https://www.movie-locations.com/movies/t/Tin-Men.php,8
Tinker-Tailor-Soldier-Spy,https://www.movie-locations.com/movies/t/Tinker-Tailor-Soldier-Spy.php,1
Titfield-Thunderbolt,https://www.movie-locations.com/movies/t/Titfield-Thunderbolt.php,1
Tom-Jones-1963,https://www.movie-locations.com/movies/t/Tom-Jones-1963.php,0
Tomorrow-Never-Dies,https://www.movie-locations.com/movies/t/Tomorrow-Never-Dies.php,3
Tootsie-1982,https://www.movie-locations.com/movies/t/Tootsie-1982.php,0
Top-Gun,https://www.movie-locations.com/movies/t/Top-Gun.php,34
Topkapi,https://www.movie-locations.com/movies/t/Topkapi.php,2
Touch-Of-Evil,https://www.movie-locations.com/movies/t/Touch-Of-Evil.php,7
Towering-Inferno,https://www.movie-locations.com/movies/t/Towering-Inferno.php,2
Town-2010,https://www.movie-locations.com/movies/t/Town-2010.php,0
Traffic-2000,https://www.movie-locations.com/movies/t/Traffic-2000.php,0
Training-Day,https://www.movie-locations.com/movies/t/Training-Day.php,9
Trainspotting,https://www.movie-locations.com/movies/t/Trainspotting.php,3
Trance,https://www.movie-locations.com/movies/t/Trance.php,68
Transformers,https://www.movie-locations.com/movies/t/Transformers.php,116
Transformers-Revenge-Of-The-Fallen,https://www.movie-locations.com/movies/t/Transformers-Revenge-Of-The-Fallen.php,1
Transformers-Dark-Of-The-Moon,https://www.movie-locations.com/movies/t/Transformers-Dark-Of-The-Moon.php,1
Transformers-Age-Of-Extinction,https://www.movie-locations.com/movies/t/Transformers-Age-Of-Extinction.php,1
Trapeze-1956,https://www.movie-locations.com/movies/t/Trapeze-1956.php,0
Travels-With-My-Aunt,https://www.movie-locations.com/movies/t/Travels-With-My-Aunt.php,1
Tron-1982,https://www.movie-locations.com/movies/t/Tron-1982.php,1
True-Grit-1969,https://www.movie-locations.com/movies/t/True-Grit-1969.php,1
True-Grit-2010,https://www.movie-locations.com/movies/t/True-Grit-2010.php,1
True-Romance,https://www.movie-locations.com/movies/t/True-Romance.php,12
Truman-Show,https://www.movie-locations.com/movies/t/Truman-Show.php,3
../0/12-Monkeys,https://www.movie-locations.com/movies/t/../0/12-Monkeys.php,0
21,https://www.movie-locations.com/movies/t/../0/21.php,815
28-Days-Later,https://www.movie-locations.com/movies/t/../0/28-Days-Later.php,2
Twilight,https://www.movie-locations.com/movies/t/Twilight.php,300
Twilight-New-Moon,https://www.movie-locations.com/movies/t/Twilight-New-Moon.php,1
Twin-Peaks-Fire-Walk-With-Me,https://www.movie-locations.com/movies/t/Twin-Peaks-Fire-Walk-With-Me.php,1
2-Fast-2-Furious,https://www.movie-locations.com/movies/t/../0/2-Fast-2-Furious.php,4
Two-Lane-Blacktop,https://www.movie-locations.com/movies/t/Two-Lane-Blacktop.php,3
2001-A-Space-Odyssey,https://www.movie-locations.com/movies/t/../0/2001-A-Space-Odyssey.php,6
Unbreakable,https://www.movie-locations.com/movies/u/Unbreakable.php,43
Undead-1957,https://www.movie-locations.com/movies/u/Undead-1957.php,0
Under-Siege,https://www.movie-locations.com/movies/u/Under-Siege.php,31
Under-The-Skin,https://www.movie-locations.com/movies/u/Under-The-Skin.php,45
Unknown-2011,https://www.movie-locations.com/movies/u/Unknown-2011.php,1
Unstoppable,https://www.movie-locations.com/movies/u/Unstoppable.php,47
Untouchables,https://www.movie-locations.com/movies/u/Untouchables.php,27
Usual-Suspects,https://www.movie-locations.com/movies/u/Usual-Suspects.php,6
Valentino,https://www.movie-locations.com/movies/v/Valentino.php,67
Valmont,https://www.movie-locations.com/movies/v/Valmont.php,2
Vampires-1998,https://www.movie-locations.com/movies/v/Vampires-1998.php,0
Van-Helsing,https://www.movie-locations.com/movies/v/Van-Helsing.php,15
Gospel-According-To-Matthew,https://www.movie-locations.com/movies/v/../g/Gospel-According-To-Matthew.php,5
Vanilla-Sky,https://www.movie-locations.com/movies/v/Vanilla-Sky.php,4
Vanishing-Point,https://www.movie-locations.com/movies/v/Vanishing-Point.php,23
Velvet-Goldmine,https://www.movie-locations.com/movies/v/Velvet-Goldmine.php,1
Venom-2018,https://www.movie-locations.com/movies/v/Venom-2018.php,2
Verdict-1982,https://www.movie-locations.com/movies/v/Verdict-1982.php,0
Vertigo,https://www.movie-locations.com/movies/v/Vertigo.php,69
Vicky-Cristina-Barcelona,https://www.movie-locations.com/movies/v/Vicky-Cristina-Barcelona.php,1
View-To-A-Kill,https://www.movie-locations.com/movies/v/View-To-A-Kill.php,6
Vikings-1958,https://www.movie-locations.com/movies/v/Vikings-1958.php,0
Villain-1971,https://www.movie-locations.com/movies/v/Villain-1971.php,0
Cries-And-Whispers,https://www.movie-locations.com/movies/v/Cries-And-Whispers.php,2
Life-Is-Beautiful,https://www.movie-locations.com/movies/v/../l/Life-Is-Beautiful.php,50
Volcano-1997,https://www.movie-locations.com/movies/v/Volcano-1997.php,1
Wait-Until-Dark,https://www.movie-locations.com/movies/w/Wait-Until-Dark.php,3
Wall-Street,https://www.movie-locations.com/movies/w/Wall-Street.php,61
Wanted-2008,https://www.movie-locations.com/movies/w/Wanted-2008.php,2
WarGames,https://www.movie-locations.com/movies/w/WarGames.php,12
War-Horse,https://www.movie-locations.com/movies/w/War-Horse.php,12
War-Of-The-Worlds-1953,https://www.movie-locations.com/movies/w/War-Of-The-Worlds-1953.php,0
War-Of-The-Worlds-2005,https://www.movie-locations.com/movies/w/War-Of-The-Worlds-2005.php,1
Warrior-2011,https://www.movie-locations.com/movies/w/Warrior-2011.php,2
Warriors-1979,https://www.movie-locations.com/movies/w/Warriors-1979.php,0
Watchmen,https://www.movie-locations.com/movies/w/Watchmen.php,12
Waterloo-1970,https://www.movie-locations.com/movies/w/Waterloo-1970.php,0
Waterloo-Road-1945,https://www.movie-locations.com/movies/w/Waterloo-Road-1945.php,0
Waynes-World,https://www.movie-locations.com/movies/w/Waynes-World.php,7
Wedding-Singer,https://www.movie-locations.com/movies/w/Wedding-Singer.php,3
Weekend-At-Bernies,https://www.movie-locations.com/movies/w/Weekend-At-Bernies.php,2
Went-The-Day-Well,https://www.movie-locations.com/movies/w/Went-The-Day-Well.php,1
Werewolf-Of-London,https://www.movie-locations.com/movies/w/Werewolf-Of-London.php,2
West-Side-Story-1961,https://www.movie-locations.com/movies/w/West-Side-Story-1961.php,1
Westworld,https://www.movie-locations.com/movies/w/Westworld.php,8
What-Ever-Happened-To-Baby-Jane,https://www.movie-locations.com/movies/w/What-Ever-Happened-To-Baby-Jane.php,2
Whats-Love-Got-To-Do-With-It,https://www.movie-locations.com/movies/w/Whats-Love-Got-To-Do-With-It.php,5
Whats-Up-Doc,https://www.movie-locations.com/movies/w/Whats-Up-Doc.php,6
When-Harry-Met-Sally,https://www.movie-locations.com/movies/w/When-Harry-Met-Sally.php,2
Who-Framed-Roger-Rabbit,https://www.movie-locations.com/movies/w/Who-Framed-Roger-Rabbit.php,1
Wicker-Man-1973,https://www.movie-locations.com/movies/w/Wicker-Man-1973.php,0
Wilde-1997,https://www.movie-locations.com/movies/w/Wilde-1997.php,0
Willard-1971,https://www.movie-locations.com/movies/w/Willard-1971.php,0
William-Shakespeares-Romeo+Juliet,https://www.movie-locations.com/movies/w/William-Shakespeares-Romeo+Juliet.php,2
Wimbledon,https://www.movie-locations.com/movies/w/Wimbledon.php,35
Wind-In-The-Willows-1996,https://www.movie-locations.com/movies/w/Wind-In-The-Willows-1996.php,0
Wings-Of-Desire,https://www.movie-locations.com/movies/w/Wings-Of-Desire.php,2
Witchfinder-General,https://www.movie-locations.com/movies/w/Witchfinder-General.php,3
Withnail-&-I,https://www.movie-locations.com/movies/w/Withnail-&-I.php,3
Wizard-Of-Oz,https://www.movie-locations.com/movies/w/Wizard-Of-Oz.php,43
Crouching-Tiger-Hidden-Dragon,https://www.movie-locations.com/movies/w/../c/Crouching-Tiger-Hidden-Dragon.php,5
Wolf-1994,https://www.movie-locations.com/movies/w/Wolf-1994.php,0
Wolfman-2010,https://www.movie-locations.com/movies/w/Wolfman-2010.php,0
Wolverine,https://www.movie-locations.com/movies/w/Wolverine.php,35
Women-In-Love,https://www.movie-locations.com/movies/w/Women-In-Love.php,21
Wonder-Woman,https://www.movie-locations.com/movies/w/Wonder-Woman.php,19
Wonka,https://www.movie-locations.com/movies/w/Wonka.php,6
Working-Girl,https://www.movie-locations.com/movies/w/Working-Girl.php,19
World-Is-Not-Enough,https://www.movie-locations.com/movies/w/World-Is-Not-Enough.php,3
World-War-Z,https://www.movie-locations.com/movies/w/World-War-Z.php,15
Worlds-End,https://www.movie-locations.com/movies/w/Worlds-End.php,148
Wuthering-Heights-1992,https://www.movie-locations.com/movies/w/Wuthering-Heights-1992.php,0
X-Men-2000,https://www.movie-locations.com/movies/x/X-Men-2000.php,0
X-Men-2,https://www.movie-locations.com/movies/x/X-Men-2.php,10
X-Men-Apocalypse,https://www.movie-locations.com/movies/x/X-Men-Apocalypse.php,1
X-Men-The-Last-Stand,https://www.movie-locations.com/movies/x/X-Men-The-Last-Stand.php,1
X-Men-Origins-Wolverine,https://www.movie-locations.com/movies/x/X-Men-Origins-Wolverine.php,2
X-Men-First-Class,https://www.movie-locations.com/movies/x/X-Men-First-Class.php,3
X-Men-Days-Of-Future-Past,https://www.movie-locations.com/movies/x/X-Men-Days-Of-Future-Past.php,1
XXX-2002,https://www.movie-locations.com/movies/x/XXX-2002.php,0
Year-My-Voice-Broke,https://www.movie-locations.com/movies/y/Year-My-Voice-Broke.php,1
Yeux-Sans-Visage,https://www.movie-locations.com/movies/y/Yeux-Sans-Visage.php,1
You-Only-Live-Twice,https://www.movie-locations.com/movies/y/You-Only-Live-Twice.php,8
Young-Sherlock-Holmes,https://www.movie-locations.com/movies/y/Young-Sherlock-Holmes.php,2
Young-Stranger,https://www.movie-locations.com/movies/y/Young-Stranger.php,1
Young-Victoria,https://www.movie-locations.com/movies/y/Young-Victoria.php,1
Youve-Got-Mail,https://www.movie-locations.com/movies/y/Youve-Got-Mail.php,1
Zabriskie-Point,https://www.movie-locations.com/movies/z/Zabriskie-Point.php,5
Zack-And-Miri-Make-A-Porno,https://www.movie-locations.com/movies/z/Zack-And-Miri-Make-A-Porno.php,2
Zathura,https://www.movie-locations.com/movies/z/Zathura.php,1
Zazie-Dans-Le-Metro,https://www.movie-locations.com/movies/z/Zazie-Dans-Le-Metro.php,1
Zero-Theorem,https://www.movie-locations.com/movies/z/Zero-Theorem.php,2
Zombieland,https://www.movie-locations.com/movies/z/Zombieland.php,7
Zoolander,https://www.movie-locations.com/movies/z/Zoolander.php,6
10,https://www.movie-locations.com/movies/0/10.php,3925
10-Things-I-Hate-About-You,https://www.movie-locations.com/movies/0/10-Things-I-Hate-About-You.php,1
101-Dalmatians,https://www.movie-locations.com/movies/0/101-Dalmatians.php,9
12-Angry-Men,https://www.movie-locations.com/movies/0/12-Angry-Men.php,6
12-Monkeys,https://www.movie-locations.com/movies/0/12-Monkeys.php,1
12-Years-A-Slave,https://www.movie-locations.com/movies/0/12-Years-A-Slave.php,1
127-Hours,https://www.movie-locations.com/movies/0/127-Hours.php,1
13-Going-On-30,https://www.movie-locations.com/movies/0/13-Going-On-30.php,1
1408,https://www.movie-locations.com/movies/0/1408.php,1
1917,https://www.movie-locations.com/movies/0/1917.php,40
1941-1979,https://www.movie-locations.com/movies/0/1941-1979.php,0
1984-1984,https://www.movie-locations.com/movies/0/1984-1984.php,203
2-Fast-2-Furious,https://www.movie-locations.com/movies/0/2-Fast-2-Furious.php,4
2001-A-Space-Odyssey,https://www.movie-locations.com/movies/0/2001-A-Space-Odyssey.php,6
21,https://www.movie-locations.com/movies/0/21.php,815
28-Days-Later,https://www.movie-locations.com/movies/0/28-Days-Later.php,2
Three-Days-Of-The-Condor,https://www.movie-locations.com/movies/0/../t/Three-Days-Of-The-Condor.php,1
3-Men-And-A-Baby,https://www.movie-locations.com/movies/0/3-Men-And-A-Baby.php,2
39-Steps-1935,https://www.movie-locations.com/movies/t/39-Steps-1935.php,0
40-Year-Old-Virgin,https://www.movie-locations.com/movies/0/40-Year-Old-Virgin.php,2
8-Mile,https://www.movie-locations.com/movies/0/8-Mile.php,6
